id,nacin_studija,id_zavoda,sifra,ime,vrsta
1,Redni,1,ZE10,DVOPREDMETNI UČITELJ BIOLOGIJA - GOSPODINJSTVO UN,Univerzitetni
2,Redni,1,ZB00,SOCIALNA PEDAGOGIKA UN,Univerzitetni
3,Redni,1,ZE30,DVOPREDMETNI UČITELJ FIZIKA - KEMIJA UN,Univerzitetni
4,Redni,1,ZE40,DVOPREDMETNI UČITELJ FIZIKA - MATEMATIKA UN,Univerzitetni
5,Redni,1,ZE50,DVOPREDMETNI UČITELJ FIZIKA - RAČUNALNIŠTVO UN,Univerzitetni
6,Redni,1,ZE60,DVOPREDMETNI UČITELJ FIZIKA - TEHNIKA UN,Univerzitetni
7,Redni,1,ZE70,DVOPREDMETNI UČITELJ GOSPODINJSTVO - KEMIJA UN,Univerzitetni
8,Redni,1,WY00,LOGOPEDIJA IN SURDOPEDAGOGIKA UN,Univerzitetni
9,Redni,1,ZF00,LIKOVNA PEDAGOGIKA UN,Univerzitetni
10,Redni,1,ZE90,DVOPREDMETNI UČITELJ MATEMATIKA - RAČUNALNIŠTVO UN,Univerzitetni
11,Redni,1,ZE80,DVOPREDMETNI UČITELJ MATEMATIKA - TEHNIKA UN,Univerzitetni
12,Izredni,1,ZH00,PREDŠOLSKA VZGOJA VS,Visokošolski strokovni
13,Redni,1,ZC00,SPECIALNA IN REHABILITACIJSKA PEDAGOGIKA UN,Univerzitetni
14,Redni,1,ZA00,RAZREDNI POUK UN,Univerzitetni
15,Redni,1,ZEA0,DVOPREDMETNI UČITELJ RAČUNALNIŠTVO - TEHNIKA UN,Univerzitetni
16,Redni,1,ZE20,DVOPREDMETNI UČITELJ BIOLOGIJA - KEMIJA UN,Univerzitetni
17,Izredni,4,R500,UPRAVA  VS,Visokošolski strokovni
18,Redni,4,R400,UPRAVLJANJE JAVNEGA SEKTORJA  UN,Univerzitetni
19,Redni,6,VZ00,SOCIALNO DELO UN,Univerzitetni
20,Izredni,9,TL00,NAVTIKA VS,Visokošolski strokovni
21,Izredni,9,TK00,PROMETNA TEHNOLOGIJA IN TRANSPORTNA LOGISTIKA VS,Visokošolski strokovni
22,Izredni,9,TM00,LADIJSKO STROJNIŠTVO VS,Visokošolski strokovni
23,Redni,9,VR00,TEHNOLOGIJA PROMETA UN,Univerzitetni
24,Izredni,11,ZO00,DELOVNA TERAPIJA VS,Visokošolski strokovni
25,Izredni,11,ZP00,FIZIOTERAPIJA VS,Visokošolski strokovni
26,Izredni,11,ZQ00,LABORATORIJSKA ZOBNA PROTETIKA VS,Visokošolski strokovni
27,Redni,11,QZ00,SANITARNO INŽENIRSTVO UN,Univerzitetni
28,Izredni,11,ZR00,ORTOTIKA IN PROTETIKA VS,Visokošolski strokovni
29,Izredni,11,ZS00,BABIŠTVO VS,Visokošolski strokovni
30,Izredni,11,UX00,RADIOLOŠKA TEHNOLOGIJA VS,Visokošolski strokovni
31,Izredni,11,ZN00,ZDRAVSTVENA NEGA VS,Visokošolski strokovni
32,Redni,18,Q900,KULTURE VZHODNE AZIJE - DVOPREDMETNI UN,Univerzitetni
33,Redni,18,QL00,RUSISTIKA - DVOPREDMETNI UN,Univerzitetni
34,Redni,18,Q900,KULTURE VZHODNE AZIJE - DVOPREDMETNI UN,Univerzitetni
35,Redni,18,QS00,SPLOŠNO JEZIKOSLOVJE - DVOPREDMETNI UN,Univerzitetni
36,Redni,18,Q900,KULTURE VZHODNE AZIJE - DVOPREDMETNI UN,Univerzitetni
37,Redni,18,QN00,SLOVAKISTIKA - DVOPREDMETNI UN,Univerzitetni
38,Redni,18,Q900,KULTURE VZHODNE AZIJE - DVOPREDMETNI UN,Univerzitetni
39,Redni,18,Q900,KULTURE VZHODNE AZIJE - DVOPREDMETNI UN,Univerzitetni
40,Redni,18,QJ00,PRIMERJALNO SLOVANSKO JEZIKOSLOVJE - DVOPREDMETNI UN,Univerzitetni
41,Redni,18,QA00,"LATINSKI JEZIK, KNJIŽEVNOST IN KULTURA - DVOPREDMETNI UN",Univerzitetni
42,Redni,18,QC00,NEMCISTIKA - DVOPREDMETNI UN,Univerzitetni
43,Redni,18,QA00,"LATINSKI JEZIK, KNJIŽEVNOST IN KULTURA - DVOPREDMETNI UN",Univerzitetni
44,Redni,18,QI00,PRIMERJALNO JEZIKOSLOVJE - DVOPREDMETNI UN,Univerzitetni
45,Redni,18,QA00,"LATINSKI JEZIK, KNJIŽEVNOST IN KULTURA - DVOPREDMETNI UN",Univerzitetni
46,Redni,18,QF00,POLONISTIKA - DVOPREDMETNI UN,Univerzitetni
47,Redni,18,QA00,"LATINSKI JEZIK, KNJIŽEVNOST IN KULTURA - DVOPREDMETNI UN",Univerzitetni
48,Redni,18,QR00,SOCIOLOGIJA - DVOPREDMETNI UN,Univerzitetni
49,Redni,18,QA00,"LATINSKI JEZIK, KNJIŽEVNOST IN KULTURA - DVOPREDMETNI UN",Univerzitetni
50,Redni,18,QP00,SLOVENISTIKA - DVOPREDMETNI UN,Univerzitetni
51,Redni,18,QA00,"LATINSKI JEZIK, KNJIŽEVNOST IN KULTURA - DVOPREDMETNI UN",Univerzitetni
52,Redni,18,QQ00,ŠPANSKI JEZIK IN KNJIŽEVNOST - DVOPREDMETNI UN,Univerzitetni
53,Redni,18,QA00,"LATINSKI JEZIK, KNJIŽEVNOST IN KULTURA - DVOPREDMETNI UN",Univerzitetni
54,Redni,18,QT00,UMETNOSTNA ZGODOVINA - DVOPREDMETNI UN,Univerzitetni
55,Redni,18,QA00,"LATINSKI JEZIK, KNJIŽEVNOST IN KULTURA - DVOPREDMETNI UN",Univerzitetni
56,Redni,18,QV00,ZGODOVINA - DVOPREDMETNI UN,Univerzitetni
57,Redni,18,QC00,NEMCISTIKA - DVOPREDMETNI UN,Univerzitetni
58,Redni,18,QI00,PRIMERJALNO JEZIKOSLOVJE - DVOPREDMETNI UN,Univerzitetni
59,Redni,18,QC00,NEMCISTIKA - DVOPREDMETNI UN,Univerzitetni
60,Redni,18,QF00,POLONISTIKA - DVOPREDMETNI UN,Univerzitetni
61,Redni,18,QC00,NEMCISTIKA - DVOPREDMETNI UN,Univerzitetni
62,Redni,18,QR00,SOCIOLOGIJA - DVOPREDMETNI UN,Univerzitetni
63,Redni,18,QC00,NEMCISTIKA - DVOPREDMETNI UN,Univerzitetni
64,Redni,18,QP00,SLOVENISTIKA - DVOPREDMETNI UN,Univerzitetni
65,Redni,18,QC00,NEMCISTIKA - DVOPREDMETNI UN,Univerzitetni
66,Redni,18,QQ00,ŠPANSKI JEZIK IN KNJIŽEVNOST - DVOPREDMETNI UN,Univerzitetni
67,Redni,18,QC00,NEMCISTIKA - DVOPREDMETNI UN,Univerzitetni
68,Redni,18,QT00,UMETNOSTNA ZGODOVINA - DVOPREDMETNI UN,Univerzitetni
69,Redni,18,QC00,NEMCISTIKA - DVOPREDMETNI UN,Univerzitetni
70,Redni,18,QV00,ZGODOVINA - DVOPREDMETNI UN,Univerzitetni
71,Redni,18,QE00,PEDAGOGIKA IN ANDRAGOGIKA - DVOPREDMETNI UN,Univerzitetni
72,Redni,18,QF00,POLONISTIKA - DVOPREDMETNI UN,Univerzitetni
73,Redni,18,QE00,PEDAGOGIKA IN ANDRAGOGIKA - DVOPREDMETNI UN,Univerzitetni
74,Redni,18,QR00,SOCIOLOGIJA - DVOPREDMETNI UN,Univerzitetni
75,Redni,18,QE00,PEDAGOGIKA IN ANDRAGOGIKA - DVOPREDMETNI UN,Univerzitetni
76,Redni,18,QP00,SLOVENISTIKA - DVOPREDMETNI UN,Univerzitetni
77,Redni,18,QD00,PEDAGOGIKA IN ANDRAGOGIKA - ENOPREDMETNI UN,Univerzitetni
78,Redni,18,QE00,PEDAGOGIKA IN ANDRAGOGIKA - DVOPREDMETNI UN,Univerzitetni
79,Redni,18,QE00,PEDAGOGIKA IN ANDRAGOGIKA - DVOPREDMETNI UN,Univerzitetni
80,Redni,18,QJ00,PRIMERJALNO SLOVANSKO JEZIKOSLOVJE - DVOPREDMETNI UN,Univerzitetni
81,Redni,18,QI00,PRIMERJALNO JEZIKOSLOVJE - DVOPREDMETNI UN,Univerzitetni
82,Redni,18,QH00,PRIMERJALNA KNJIŽEVNOST IN LITERARNA TEORIJA - DVOPREDMETNI UN,Univerzitetni
83,Redni,18,QI00,PRIMERJALNO JEZIKOSLOVJE - DVOPREDMETNI UN,Univerzitetni
84,Redni,18,QR00,SOCIOLOGIJA - DVOPREDMETNI UN,Univerzitetni
85,Redni,18,QI00,PRIMERJALNO JEZIKOSLOVJE - DVOPREDMETNI UN,Univerzitetni
86,Redni,18,QP00,SLOVENISTIKA - DVOPREDMETNI UN,Univerzitetni
87,Redni,18,TRAN,MEDJEZIKOVNO POSREDOVANJE - SLOVENŠČINA-ANGLEŠČINA-NEMŠČINA UN,Univerzitetni
88,Redni,18,QL00,RUSISTIKA - DVOPREDMETNI UN,Univerzitetni
89,Redni,18,QR00,SOCIOLOGIJA - DVOPREDMETNI UN,Univerzitetni
90,Redni,18,QL00,RUSISTIKA - DVOPREDMETNI UN,Univerzitetni
91,Redni,18,QP00,SLOVENISTIKA - DVOPREDMETNI UN,Univerzitetni
92,Redni,18,QL00,RUSISTIKA - DVOPREDMETNI UN,Univerzitetni
93,Redni,18,QQ00,ŠPANSKI JEZIK IN KNJIŽEVNOST - DVOPREDMETNI UN,Univerzitetni
94,Redni,18,QL00,RUSISTIKA - DVOPREDMETNI UN,Univerzitetni
95,Redni,18,QT00,UMETNOSTNA ZGODOVINA - DVOPREDMETNI UN,Univerzitetni
96,Redni,18,QL00,RUSISTIKA - DVOPREDMETNI UN,Univerzitetni
97,Redni,18,QV00,ZGODOVINA - DVOPREDMETNI UN,Univerzitetni
98,Redni,18,QR00,SOCIOLOGIJA - DVOPREDMETNI UN,Univerzitetni
99,Redni,18,QQ00,ŠPANSKI JEZIK IN KNJIŽEVNOST - DVOPREDMETNI UN,Univerzitetni
100,Redni,18,QR00,SOCIOLOGIJA - DVOPREDMETNI UN,Univerzitetni
101,Redni,18,QT00,UMETNOSTNA ZGODOVINA - DVOPREDMETNI UN,Univerzitetni
102,Redni,18,QR00,SOCIOLOGIJA - DVOPREDMETNI UN,Univerzitetni
103,Redni,18,QV00,ZGODOVINA - DVOPREDMETNI UN,Univerzitetni
104,Redni,18,QS00,SPLOŠNO JEZIKOSLOVJE - DVOPREDMETNI UN,Univerzitetni
105,Redni,18,QP00,SLOVENISTIKA - DVOPREDMETNI UN,Univerzitetni
106,Redni,18,QS00,SPLOŠNO JEZIKOSLOVJE - DVOPREDMETNI UN,Univerzitetni
107,Redni,18,QQ00,ŠPANSKI JEZIK IN KNJIŽEVNOST - DVOPREDMETNI UN,Univerzitetni
108,Redni,18,QS00,SPLOŠNO JEZIKOSLOVJE - DVOPREDMETNI UN,Univerzitetni
109,Redni,18,QT00,UMETNOSTNA ZGODOVINA - DVOPREDMETNI UN,Univerzitetni
110,Redni,18,QS00,SPLOŠNO JEZIKOSLOVJE - DVOPREDMETNI UN,Univerzitetni
111,Redni,18,QV00,ZGODOVINA - DVOPREDMETNI UN,Univerzitetni
112,Redni,18,QP00,SLOVENISTIKA - DVOPREDMETNI UN,Univerzitetni
113,Redni,18,QN00,SLOVAKISTIKA - DVOPREDMETNI UN,Univerzitetni
114,Redni,18,QP00,SLOVENISTIKA - DVOPREDMETNI UN,Univerzitetni
115,Redni,18,QQ00,ŠPANSKI JEZIK IN KNJIŽEVNOST - DVOPREDMETNI UN,Univerzitetni
116,Redni,18,QP00,SLOVENISTIKA - DVOPREDMETNI UN,Univerzitetni
117,Redni,18,QT00,UMETNOSTNA ZGODOVINA - DVOPREDMETNI UN,Univerzitetni
118,Redni,18,QP00,SLOVENISTIKA - DVOPREDMETNI UN,Univerzitetni
119,Redni,18,QV00,ZGODOVINA - DVOPREDMETNI UN,Univerzitetni
120,Redni,18,QN00,SLOVAKISTIKA - DVOPREDMETNI UN,Univerzitetni
121,Redni,18,QN00,SLOVAKISTIKA - DVOPREDMETNI UN,Univerzitetni
122,Redni,18,QJ00,PRIMERJALNO SLOVANSKO JEZIKOSLOVJE - DVOPREDMETNI UN,Univerzitetni
123,Redni,18,QQ00,ŠPANSKI JEZIK IN KNJIŽEVNOST - DVOPREDMETNI UN,Univerzitetni
124,Redni,18,QQ00,ŠPANSKI JEZIK IN KNJIŽEVNOST - DVOPREDMETNI UN,Univerzitetni
125,Redni,18,QJ00,PRIMERJALNO SLOVANSKO JEZIKOSLOVJE - DVOPREDMETNI UN,Univerzitetni
126,Redni,18,QT00,UMETNOSTNA ZGODOVINA - DVOPREDMETNI UN,Univerzitetni
127,Redni,18,QT00,UMETNOSTNA ZGODOVINA - DVOPREDMETNI UN,Univerzitetni
128,Redni,18,QV00,ZGODOVINA - DVOPREDMETNI UN,Univerzitetni
129,Redni,18,QJ00,PRIMERJALNO SLOVANSKO JEZIKOSLOVJE - DVOPREDMETNI UN,Univerzitetni
130,Redni,18,QV00,ZGODOVINA - DVOPREDMETNI UN,Univerzitetni
131,Redni,18,QV00,ZGODOVINA - DVOPREDMETNI UN,Univerzitetni
132,Redni,18,YM00,ETNOLOGIJA IN KULTURNA ANTROPOLOGIJA -  DVOPREDMETNI UN,Univerzitetni
133,Redni,18,QF00,POLONISTIKA - DVOPREDMETNI UN,Univerzitetni
134,Redni,18,YM00,ETNOLOGIJA IN KULTURNA ANTROPOLOGIJA -  DVOPREDMETNI UN,Univerzitetni
135,Redni,18,QR00,SOCIOLOGIJA - DVOPREDMETNI UN,Univerzitetni
136,Redni,18,YM00,ETNOLOGIJA IN KULTURNA ANTROPOLOGIJA -  DVOPREDMETNI UN,Univerzitetni
137,Redni,18,QN00,SLOVAKISTIKA - DVOPREDMETNI UN,Univerzitetni
138,Redni,18,YM00,ETNOLOGIJA IN KULTURNA ANTROPOLOGIJA -  DVOPREDMETNI UN,Univerzitetni
139,Redni,18,QQ00,ŠPANSKI JEZIK IN KNJIŽEVNOST - DVOPREDMETNI UN,Univerzitetni
140,Redni,18,YM00,ETNOLOGIJA IN KULTURNA ANTROPOLOGIJA -  DVOPREDMETNI UN,Univerzitetni
141,Redni,18,QT00,UMETNOSTNA ZGODOVINA - DVOPREDMETNI UN,Univerzitetni
142,Redni,18,YM00,ETNOLOGIJA IN KULTURNA ANTROPOLOGIJA -  DVOPREDMETNI UN,Univerzitetni
143,Redni,18,QV00,ZGODOVINA - DVOPREDMETNI UN,Univerzitetni
144,Redni,18,Q000,FILOZOFIJA - DVOPREDMETNI UN,Univerzitetni
145,Redni,18,Q300,GEOGRAFIJA - DVOPREDMETNI UN,Univerzitetni
146,Redni,18,Q000,FILOZOFIJA - DVOPREDMETNI UN,Univerzitetni
147,Redni,18,Q700,JAPONOLOGIJA - DVOPREDMETNI UN,Univerzitetni
148,Redni,18,Q000,FILOZOFIJA - DVOPREDMETNI UN,Univerzitetni
149,Redni,18,Q900,KULTURE VZHODNE AZIJE - DVOPREDMETNI UN,Univerzitetni
150,Redni,18,Q000,FILOZOFIJA - DVOPREDMETNI UN,Univerzitetni
151,Redni,18,QC00,NEMCISTIKA - DVOPREDMETNI UN,Univerzitetni
152,Redni,18,Q000,FILOZOFIJA - DVOPREDMETNI UN,Univerzitetni
153,Redni,18,QI00,PRIMERJALNO JEZIKOSLOVJE - DVOPREDMETNI UN,Univerzitetni
154,Redni,18,Q000,FILOZOFIJA - DVOPREDMETNI UN,Univerzitetni
155,Redni,18,QF00,POLONISTIKA - DVOPREDMETNI UN,Univerzitetni
156,Redni,18,Q000,FILOZOFIJA - DVOPREDMETNI UN,Univerzitetni
157,Redni,18,QR00,SOCIOLOGIJA - DVOPREDMETNI UN,Univerzitetni
158,Redni,18,Q000,FILOZOFIJA - DVOPREDMETNI UN,Univerzitetni
159,Redni,18,QP00,SLOVENISTIKA - DVOPREDMETNI UN,Univerzitetni
160,Redni,18,ZY00,FILOZOFIJA - ENOPREDMETNI UN,Univerzitetni
161,Redni,18,Q000,FILOZOFIJA - DVOPREDMETNI UN,Univerzitetni
162,Redni,18,Q000,FILOZOFIJA - DVOPREDMETNI UN,Univerzitetni
163,Redni,18,QJ00,PRIMERJALNO SLOVANSKO JEZIKOSLOVJE - DVOPREDMETNI UN,Univerzitetni
164,Redni,18,Q200,FRANCISTIKA - DVOPREDMETNI UN,Univerzitetni
165,Redni,18,Q300,GEOGRAFIJA - DVOPREDMETNI UN,Univerzitetni
166,Redni,18,Q200,FRANCISTIKA - DVOPREDMETNI UN,Univerzitetni
167,Redni,18,Q500,ITALIJANSKI JEZIK IN KNJIŽEVNOST - DVOPREDMETNI UN,Univerzitetni
168,Redni,18,Q200,FRANCISTIKA - DVOPREDMETNI UN,Univerzitetni
169,Redni,18,Q800,JUŽNOSLOVANSKI ŠTUDIJI - DVOPREDMETNI UN,Univerzitetni
170,Redni,18,Q200,FRANCISTIKA - DVOPREDMETNI UN,Univerzitetni
171,Redni,18,QA00,"LATINSKI JEZIK, KNJIŽEVNOST IN KULTURA - DVOPREDMETNI UN",Univerzitetni
172,Redni,18,Q200,FRANCISTIKA - DVOPREDMETNI UN,Univerzitetni
173,Redni,18,QE00,PEDAGOGIKA IN ANDRAGOGIKA - DVOPREDMETNI UN,Univerzitetni
174,Redni,18,Q300,GEOGRAFIJA - DVOPREDMETNI UN,Univerzitetni
175,Redni,18,QN00,SLOVAKISTIKA - DVOPREDMETNI UN,Univerzitetni
176,Redni,18,Q300,GEOGRAFIJA - DVOPREDMETNI UN,Univerzitetni
177,Redni,18,Q300,GEOGRAFIJA - DVOPREDMETNI UN,Univerzitetni
178,Redni,18,QJ00,PRIMERJALNO SLOVANSKO JEZIKOSLOVJE - DVOPREDMETNI UN,Univerzitetni
179,Redni,18,Q400,"GRŠKI JEZIK, KNJIŽEVNOST IN KULTURA - DVOPREDMETNI UN",Univerzitetni
180,Redni,18,Q500,ITALIJANSKI JEZIK IN KNJIŽEVNOST - DVOPREDMETNI UN,Univerzitetni
181,Redni,18,Q400,"GRŠKI JEZIK, KNJIŽEVNOST IN KULTURA - DVOPREDMETNI UN",Univerzitetni
182,Redni,18,Q800,JUŽNOSLOVANSKI ŠTUDIJI - DVOPREDMETNI UN,Univerzitetni
183,Redni,18,Q400,"GRŠKI JEZIK, KNJIŽEVNOST IN KULTURA - DVOPREDMETNI UN",Univerzitetni
184,Redni,18,QA00,"LATINSKI JEZIK, KNJIŽEVNOST IN KULTURA - DVOPREDMETNI UN",Univerzitetni
185,Redni,18,Q400,"GRŠKI JEZIK, KNJIŽEVNOST IN KULTURA - DVOPREDMETNI UN",Univerzitetni
186,Redni,18,QE00,PEDAGOGIKA IN ANDRAGOGIKA - DVOPREDMETNI UN,Univerzitetni
187,Redni,18,Q400,"GRŠKI JEZIK, KNJIŽEVNOST IN KULTURA - DVOPREDMETNI UN",Univerzitetni
188,Redni,18,QH00,PRIMERJALNA KNJIŽEVNOST IN LITERARNA TEORIJA - DVOPREDMETNI UN,Univerzitetni
189,Redni,18,Q400,"GRŠKI JEZIK, KNJIŽEVNOST IN KULTURA - DVOPREDMETNI UN",Univerzitetni
190,Redni,18,QL00,RUSISTIKA - DVOPREDMETNI UN,Univerzitetni
191,Redni,18,Q400,"GRŠKI JEZIK, KNJIŽEVNOST IN KULTURA - DVOPREDMETNI UN",Univerzitetni
192,Redni,18,QS00,SPLOŠNO JEZIKOSLOVJE - DVOPREDMETNI UN,Univerzitetni
193,Redni,18,Q400,"GRŠKI JEZIK, KNJIŽEVNOST IN KULTURA - DVOPREDMETNI UN",Univerzitetni
194,Redni,18,QN00,SLOVAKISTIKA - DVOPREDMETNI UN,Univerzitetni
195,Redni,18,Q400,"GRŠKI JEZIK, KNJIŽEVNOST IN KULTURA - DVOPREDMETNI UN",Univerzitetni
196,Redni,18,Q400,"GRŠKI JEZIK, KNJIŽEVNOST IN KULTURA - DVOPREDMETNI UN",Univerzitetni
197,Redni,18,QJ00,PRIMERJALNO SLOVANSKO JEZIKOSLOVJE - DVOPREDMETNI UN,Univerzitetni
198,Redni,18,Q500,ITALIJANSKI JEZIK IN KNJIŽEVNOST - DVOPREDMETNI UN,Univerzitetni
199,Redni,18,Q700,JAPONOLOGIJA - DVOPREDMETNI UN,Univerzitetni
200,Redni,18,Q500,ITALIJANSKI JEZIK IN KNJIŽEVNOST - DVOPREDMETNI UN,Univerzitetni
201,Redni,18,QA00,"LATINSKI JEZIK, KNJIŽEVNOST IN KULTURA - DVOPREDMETNI UN",Univerzitetni
202,Redni,18,Q500,ITALIJANSKI JEZIK IN KNJIŽEVNOST - DVOPREDMETNI UN,Univerzitetni
203,Redni,18,QE00,PEDAGOGIKA IN ANDRAGOGIKA - DVOPREDMETNI UN,Univerzitetni
204,Redni,18,Q500,ITALIJANSKI JEZIK IN KNJIŽEVNOST - DVOPREDMETNI UN,Univerzitetni
205,Redni,18,QH00,PRIMERJALNA KNJIŽEVNOST IN LITERARNA TEORIJA - DVOPREDMETNI UN,Univerzitetni
206,Redni,18,Q500,ITALIJANSKI JEZIK IN KNJIŽEVNOST - DVOPREDMETNI UN,Univerzitetni
207,Redni,18,QL00,RUSISTIKA - DVOPREDMETNI UN,Univerzitetni
208,Redni,18,Q500,ITALIJANSKI JEZIK IN KNJIŽEVNOST - DVOPREDMETNI UN,Univerzitetni
209,Redni,18,QS00,SPLOŠNO JEZIKOSLOVJE - DVOPREDMETNI UN,Univerzitetni
210,Redni,18,Q500,ITALIJANSKI JEZIK IN KNJIŽEVNOST - DVOPREDMETNI UN,Univerzitetni
211,Redni,18,QN00,SLOVAKISTIKA - DVOPREDMETNI UN,Univerzitetni
212,Redni,18,Q500,ITALIJANSKI JEZIK IN KNJIŽEVNOST - DVOPREDMETNI UN,Univerzitetni
213,Redni,18,Q500,ITALIJANSKI JEZIK IN KNJIŽEVNOST - DVOPREDMETNI UN,Univerzitetni
214,Redni,18,QJ00,PRIMERJALNO SLOVANSKO JEZIKOSLOVJE - DVOPREDMETNI UN,Univerzitetni
215,Redni,18,Q700,JAPONOLOGIJA - DVOPREDMETNI UN,Univerzitetni
216,Redni,18,Q800,JUŽNOSLOVANSKI ŠTUDIJI - DVOPREDMETNI UN,Univerzitetni
217,Redni,18,Q700,JAPONOLOGIJA - DVOPREDMETNI UN,Univerzitetni
218,Redni,18,QA00,"LATINSKI JEZIK, KNJIŽEVNOST IN KULTURA - DVOPREDMETNI UN",Univerzitetni
219,Redni,18,Q700,JAPONOLOGIJA - DVOPREDMETNI UN,Univerzitetni
220,Redni,18,QE00,PEDAGOGIKA IN ANDRAGOGIKA - DVOPREDMETNI UN,Univerzitetni
221,Redni,18,Q700,JAPONOLOGIJA - DVOPREDMETNI UN,Univerzitetni
222,Redni,18,QH00,PRIMERJALNA KNJIŽEVNOST IN LITERARNA TEORIJA - DVOPREDMETNI UN,Univerzitetni
223,Redni,18,Q700,JAPONOLOGIJA - DVOPREDMETNI UN,Univerzitetni
224,Redni,18,QL00,RUSISTIKA - DVOPREDMETNI UN,Univerzitetni
225,Redni,18,Q700,JAPONOLOGIJA - DVOPREDMETNI UN,Univerzitetni
226,Redni,18,QP00,SLOVENISTIKA - DVOPREDMETNI UN,Univerzitetni
227,Redni,18,Q600,JAPONOLOGIJA - ENOPREDMETNI UN,Univerzitetni
228,Redni,18,Q700,JAPONOLOGIJA - DVOPREDMETNI UN,Univerzitetni
229,Redni,18,Q700,JAPONOLOGIJA - DVOPREDMETNI UN,Univerzitetni
230,Redni,18,QJ00,PRIMERJALNO SLOVANSKO JEZIKOSLOVJE - DVOPREDMETNI UN,Univerzitetni
231,Redni,18,Q800,JUŽNOSLOVANSKI ŠTUDIJI - DVOPREDMETNI UN,Univerzitetni
232,Redni,18,Q900,KULTURE VZHODNE AZIJE - DVOPREDMETNI UN,Univerzitetni
233,Redni,18,Q800,JUŽNOSLOVANSKI ŠTUDIJI - DVOPREDMETNI UN,Univerzitetni
234,Redni,18,QC00,NEMCISTIKA - DVOPREDMETNI UN,Univerzitetni
235,Redni,18,Q800,JUŽNOSLOVANSKI ŠTUDIJI - DVOPREDMETNI UN,Univerzitetni
236,Redni,18,QI00,PRIMERJALNO JEZIKOSLOVJE - DVOPREDMETNI UN,Univerzitetni
237,Redni,18,Q800,JUŽNOSLOVANSKI ŠTUDIJI - DVOPREDMETNI UN,Univerzitetni
238,Redni,18,QF00,POLONISTIKA - DVOPREDMETNI UN,Univerzitetni
239,Redni,18,Q800,JUŽNOSLOVANSKI ŠTUDIJI - DVOPREDMETNI UN,Univerzitetni
240,Redni,18,QR00,SOCIOLOGIJA - DVOPREDMETNI UN,Univerzitetni
241,Redni,18,Q800,JUŽNOSLOVANSKI ŠTUDIJI - DVOPREDMETNI UN,Univerzitetni
242,Redni,18,QP00,SLOVENISTIKA - DVOPREDMETNI UN,Univerzitetni
243,Redni,18,Q800,JUŽNOSLOVANSKI ŠTUDIJI - DVOPREDMETNI UN,Univerzitetni
244,Redni,18,QQ00,ŠPANSKI JEZIK IN KNJIŽEVNOST - DVOPREDMETNI UN,Univerzitetni
245,Redni,18,Q800,JUŽNOSLOVANSKI ŠTUDIJI - DVOPREDMETNI UN,Univerzitetni
246,Redni,18,QT00,UMETNOSTNA ZGODOVINA - DVOPREDMETNI UN,Univerzitetni
247,Redni,18,Q800,JUŽNOSLOVANSKI ŠTUDIJI - DVOPREDMETNI UN,Univerzitetni
248,Redni,18,QV00,ZGODOVINA - DVOPREDMETNI UN,Univerzitetni
249,Redni,18,Q900,KULTURE VZHODNE AZIJE - DVOPREDMETNI UN,Univerzitetni
250,Redni,18,QC00,NEMCISTIKA - DVOPREDMETNI UN,Univerzitetni
251,Redni,18,Q900,KULTURE VZHODNE AZIJE - DVOPREDMETNI UN,Univerzitetni
252,Redni,18,QI00,PRIMERJALNO JEZIKOSLOVJE - DVOPREDMETNI UN,Univerzitetni
253,Redni,18,QH00,PRIMERJALNA KNJIŽEVNOST IN LITERARNA TEORIJA - DVOPREDMETNI UN,Univerzitetni
254,Redni,18,QN00,SLOVAKISTIKA - DVOPREDMETNI UN,Univerzitetni
255,Redni,18,QG00,PRIMERJALNA KNJIŽEVNOST IN LITERARNA TEORIJA - ENOPREDMETNI UN,Univerzitetni
256,Redni,18,QH00,PRIMERJALNA KNJIŽEVNOST IN LITERARNA TEORIJA - DVOPREDMETNI UN,Univerzitetni
257,Redni,18,QQ00,ŠPANSKI JEZIK IN KNJIŽEVNOST - DVOPREDMETNI UN,Univerzitetni
258,Redni,18,QH00,PRIMERJALNA KNJIŽEVNOST IN LITERARNA TEORIJA - DVOPREDMETNI UN,Univerzitetni
259,Redni,18,QH00,PRIMERJALNA KNJIŽEVNOST IN LITERARNA TEORIJA - DVOPREDMETNI UN,Univerzitetni
260,Redni,18,QT00,UMETNOSTNA ZGODOVINA - DVOPREDMETNI UN,Univerzitetni
261,Redni,18,QH00,PRIMERJALNA KNJIŽEVNOST IN LITERARNA TEORIJA - DVOPREDMETNI UN,Univerzitetni
262,Redni,18,QJ00,PRIMERJALNO SLOVANSKO JEZIKOSLOVJE - DVOPREDMETNI UN,Univerzitetni
263,Redni,18,QH00,PRIMERJALNA KNJIŽEVNOST IN LITERARNA TEORIJA - DVOPREDMETNI UN,Univerzitetni
264,Redni,18,QV00,ZGODOVINA - DVOPREDMETNI UN,Univerzitetni
265,Redni,18,QF00,POLONISTIKA - DVOPREDMETNI UN,Univerzitetni
266,Redni,18,QI00,PRIMERJALNO JEZIKOSLOVJE - DVOPREDMETNI UN,Univerzitetni
267,Redni,18,QF00,POLONISTIKA - DVOPREDMETNI UN,Univerzitetni
268,Redni,18,QH00,PRIMERJALNA KNJIŽEVNOST IN LITERARNA TEORIJA - DVOPREDMETNI UN,Univerzitetni
269,Redni,18,QF00,POLONISTIKA - DVOPREDMETNI UN,Univerzitetni
270,Redni,18,QL00,RUSISTIKA - DVOPREDMETNI UN,Univerzitetni
271,Redni,18,QF00,POLONISTIKA - DVOPREDMETNI UN,Univerzitetni
272,Redni,18,QR00,SOCIOLOGIJA - DVOPREDMETNI UN,Univerzitetni
273,Redni,18,QF00,POLONISTIKA - DVOPREDMETNI UN,Univerzitetni
274,Redni,18,QS00,SPLOŠNO JEZIKOSLOVJE - DVOPREDMETNI UN,Univerzitetni
275,Redni,18,QF00,POLONISTIKA - DVOPREDMETNI UN,Univerzitetni
276,Redni,18,QP00,SLOVENISTIKA - DVOPREDMETNI UN,Univerzitetni
277,Redni,18,QF00,POLONISTIKA - DVOPREDMETNI UN,Univerzitetni
278,Redni,18,QN00,SLOVAKISTIKA - DVOPREDMETNI UN,Univerzitetni
279,Redni,18,QF00,POLONISTIKA - DVOPREDMETNI UN,Univerzitetni
280,Redni,18,QQ00,ŠPANSKI JEZIK IN KNJIŽEVNOST - DVOPREDMETNI UN,Univerzitetni
281,Redni,18,QF00,POLONISTIKA - DVOPREDMETNI UN,Univerzitetni
282,Redni,18,QF00,POLONISTIKA - DVOPREDMETNI UN,Univerzitetni
283,Redni,18,QT00,UMETNOSTNA ZGODOVINA - DVOPREDMETNI UN,Univerzitetni
284,Redni,18,QF00,POLONISTIKA - DVOPREDMETNI UN,Univerzitetni
285,Redni,18,QJ00,PRIMERJALNO SLOVANSKO JEZIKOSLOVJE - DVOPREDMETNI UN,Univerzitetni
286,Redni,18,QF00,POLONISTIKA - DVOPREDMETNI UN,Univerzitetni
287,Redni,18,QV00,ZGODOVINA - DVOPREDMETNI UN,Univerzitetni
288,Redni,18,TRAF,MEDJEZIKOVNO POSREDOVANJE - SLOVENŠČINA-ANGLEŠČINA-FRANCOŠČINA UN,Univerzitetni
289,Redni,18,TRAI,MEDJEZIKOVNO POSREDOVANJE - SLOVENŠČINA-ANGLEŠČINA-ITALIJANŠČINA UN,Univerzitetni
290,Redni,18,QK00,PSIHOLOGIJA - ENOPREDMETNI UN,Univerzitetni
291,Redni,18,QL00,RUSISTIKA - DVOPREDMETNI UN,Univerzitetni
292,Redni,18,QS00,SPLOŠNO JEZIKOSLOVJE - DVOPREDMETNI UN,Univerzitetni
293,Redni,18,QL00,RUSISTIKA - DVOPREDMETNI UN,Univerzitetni
294,Redni,18,QN00,SLOVAKISTIKA - DVOPREDMETNI UN,Univerzitetni
295,Redni,18,QL00,RUSISTIKA - DVOPREDMETNI UN,Univerzitetni
296,Redni,18,QL00,RUSISTIKA - DVOPREDMETNI UN,Univerzitetni
297,Redni,18,QJ00,PRIMERJALNO SLOVANSKO JEZIKOSLOVJE - DVOPREDMETNI UN,Univerzitetni
298,Redni,18,QR00,SOCIOLOGIJA - DVOPREDMETNI UN,Univerzitetni
299,Redni,18,QN00,SLOVAKISTIKA - DVOPREDMETNI UN,Univerzitetni
300,Redni,18,QR00,SOCIOLOGIJA - DVOPREDMETNI UN,Univerzitetni
301,Redni,18,QR00,SOCIOLOGIJA - DVOPREDMETNI UN,Univerzitetni
302,Redni,18,QJ00,PRIMERJALNO SLOVANSKO JEZIKOSLOVJE - DVOPREDMETNI UN,Univerzitetni
303,Redni,18,QM00,SINOLOGIJA - ENOPREDMETNI UN,Univerzitetni
304,Redni,18,QS00,SPLOŠNO JEZIKOSLOVJE - DVOPREDMETNI UN,Univerzitetni
305,Redni,18,QR00,SOCIOLOGIJA - DVOPREDMETNI UN,Univerzitetni
306,Redni,18,QS00,SPLOŠNO JEZIKOSLOVJE - DVOPREDMETNI UN,Univerzitetni
307,Redni,18,QN00,SLOVAKISTIKA - DVOPREDMETNI UN,Univerzitetni
308,Redni,18,QS00,SPLOŠNO JEZIKOSLOVJE - DVOPREDMETNI UN,Univerzitetni
309,Redni,18,QS00,SPLOŠNO JEZIKOSLOVJE - DVOPREDMETNI UN,Univerzitetni
310,Redni,18,QJ00,PRIMERJALNO SLOVANSKO JEZIKOSLOVJE - DVOPREDMETNI UN,Univerzitetni
311,Redni,18,TT00,SOCIOLOGIJA KULTURE - ENOPREDMETNI UN,Univerzitetni
312,Redni,18,QP00,SLOVENISTIKA - DVOPREDMETNI UN,Univerzitetni
313,Redni,18,QR00,SOCIOLOGIJA - DVOPREDMETNI UN,Univerzitetni
314,Redni,18,QO00,SLOVENISTIKA - ENOPREDMETNI UN,Univerzitetni
315,Redni,18,QP00,SLOVENISTIKA - DVOPREDMETNI UN,Univerzitetni
316,Redni,18,QP00,SLOVENISTIKA - DVOPREDMETNI UN,Univerzitetni
317,Redni,18,QJ00,PRIMERJALNO SLOVANSKO JEZIKOSLOVJE - DVOPREDMETNI UN,Univerzitetni
318,Redni,18,QN00,SLOVAKISTIKA - DVOPREDMETNI UN,Univerzitetni
319,Redni,18,QQ00,ŠPANSKI JEZIK IN KNJIŽEVNOST - DVOPREDMETNI UN,Univerzitetni
320,Redni,18,QN00,SLOVAKISTIKA - DVOPREDMETNI UN,Univerzitetni
321,Redni,18,QT00,UMETNOSTNA ZGODOVINA - DVOPREDMETNI UN,Univerzitetni
322,Redni,18,QN00,SLOVAKISTIKA - DVOPREDMETNI UN,Univerzitetni
323,Redni,18,QV00,ZGODOVINA - DVOPREDMETNI UN,Univerzitetni
324,Redni,18,QQ00,ŠPANSKI JEZIK IN KNJIŽEVNOST - DVOPREDMETNI UN,Univerzitetni
325,Redni,18,QT00,UMETNOSTNA ZGODOVINA - DVOPREDMETNI UN,Univerzitetni
326,Redni,18,QQ00,ŠPANSKI JEZIK IN KNJIŽEVNOST - DVOPREDMETNI UN,Univerzitetni
327,Redni,18,QV00,ZGODOVINA - DVOPREDMETNI UN,Univerzitetni
328,Redni,18,TU00,UMETNOSTNA ZGODOVINA - ENOPREDMETNI   UN,Univerzitetni
329,Redni,18,QT00,UMETNOSTNA ZGODOVINA - DVOPREDMETNI UN,Univerzitetni
330,Redni,18,QJ00,PRIMERJALNO SLOVANSKO JEZIKOSLOVJE - DVOPREDMETNI UN,Univerzitetni
331,Redni,18,QJ00,PRIMERJALNO SLOVANSKO JEZIKOSLOVJE - DVOPREDMETNI UN,Univerzitetni
332,Redni,18,WW00,ZAHODNOSLOVANSKI ŠTUDIJI - ENOPREDMETNI UN,Univerzitetni
333,Redni,18,QU00,ZGODOVINA - ENOPREDMETNI UN,Univerzitetni
334,Redni,18,ZX00,BOHEMISTIKA - DVOPREDMETNI UN,Univerzitetni
335,Redni,18,Q800,JUŽNOSLOVANSKI ŠTUDIJI - DVOPREDMETNI UN,Univerzitetni
336,Redni,18,ZX00,BOHEMISTIKA - DVOPREDMETNI UN,Univerzitetni
337,Redni,18,QA00,"LATINSKI JEZIK, KNJIŽEVNOST IN KULTURA - DVOPREDMETNI UN",Univerzitetni
338,Redni,18,ZX00,BOHEMISTIKA - DVOPREDMETNI UN,Univerzitetni
339,Redni,18,QE00,PEDAGOGIKA IN ANDRAGOGIKA - DVOPREDMETNI UN,Univerzitetni
340,Redni,18,ZX00,BOHEMISTIKA - DVOPREDMETNI UN,Univerzitetni
341,Redni,18,QH00,PRIMERJALNA KNJIŽEVNOST IN LITERARNA TEORIJA - DVOPREDMETNI UN,Univerzitetni
342,Redni,18,ZX00,BOHEMISTIKA - DVOPREDMETNI UN,Univerzitetni
343,Redni,18,QR00,SOCIOLOGIJA - DVOPREDMETNI UN,Univerzitetni
344,Redni,18,ZX00,BOHEMISTIKA - DVOPREDMETNI UN,Univerzitetni
345,Redni,18,QP00,SLOVENISTIKA - DVOPREDMETNI UN,Univerzitetni
346,Redni,18,ZX00,BOHEMISTIKA - DVOPREDMETNI UN,Univerzitetni
347,Redni,18,QQ00,ŠPANSKI JEZIK IN KNJIŽEVNOST - DVOPREDMETNI UN,Univerzitetni
348,Redni,18,ZX00,BOHEMISTIKA - DVOPREDMETNI UN,Univerzitetni
349,Redni,18,QT00,UMETNOSTNA ZGODOVINA - DVOPREDMETNI UN,Univerzitetni
350,Redni,18,ZX00,BOHEMISTIKA - DVOPREDMETNI UN,Univerzitetni
351,Redni,18,QV00,ZGODOVINA - DVOPREDMETNI UN,Univerzitetni
352,Redni,18,YM00,ETNOLOGIJA IN KULTURNA ANTROPOLOGIJA -  DVOPREDMETNI UN,Univerzitetni
353,Redni,18,Q200,FRANCISTIKA - DVOPREDMETNI UN,Univerzitetni
354,Redni,18,YM00,ETNOLOGIJA IN KULTURNA ANTROPOLOGIJA -  DVOPREDMETNI UN,Univerzitetni
355,Redni,18,Q400,"GRŠKI JEZIK, KNJIŽEVNOST IN KULTURA - DVOPREDMETNI UN",Univerzitetni
356,Redni,18,YM00,ETNOLOGIJA IN KULTURNA ANTROPOLOGIJA -  DVOPREDMETNI UN,Univerzitetni
357,Redni,18,Q700,JAPONOLOGIJA - DVOPREDMETNI UN,Univerzitetni
358,Redni,18,YM00,ETNOLOGIJA IN KULTURNA ANTROPOLOGIJA -  DVOPREDMETNI UN,Univerzitetni
359,Redni,18,Q900,KULTURE VZHODNE AZIJE - DVOPREDMETNI UN,Univerzitetni
360,Redni,18,YM00,ETNOLOGIJA IN KULTURNA ANTROPOLOGIJA -  DVOPREDMETNI UN,Univerzitetni
361,Redni,18,QC00,NEMCISTIKA - DVOPREDMETNI UN,Univerzitetni
362,Redni,18,YM00,ETNOLOGIJA IN KULTURNA ANTROPOLOGIJA -  DVOPREDMETNI UN,Univerzitetni
363,Redni,18,QI00,PRIMERJALNO JEZIKOSLOVJE - DVOPREDMETNI UN,Univerzitetni
364,Redni,18,Q500,ITALIJANSKI JEZIK IN KNJIŽEVNOST - DVOPREDMETNI UN,Univerzitetni
365,Redni,18,QT00,UMETNOSTNA ZGODOVINA - DVOPREDMETNI UN,Univerzitetni
366,Redni,18,Q500,ITALIJANSKI JEZIK IN KNJIŽEVNOST - DVOPREDMETNI UN,Univerzitetni
367,Redni,18,QV00,ZGODOVINA - DVOPREDMETNI UN,Univerzitetni
368,Redni,18,Q700,JAPONOLOGIJA - DVOPREDMETNI UN,Univerzitetni
369,Redni,18,Q900,KULTURE VZHODNE AZIJE - DVOPREDMETNI UN,Univerzitetni
370,Redni,18,Q700,JAPONOLOGIJA - DVOPREDMETNI UN,Univerzitetni
371,Redni,18,QC00,NEMCISTIKA - DVOPREDMETNI UN,Univerzitetni
372,Redni,18,Q700,JAPONOLOGIJA - DVOPREDMETNI UN,Univerzitetni
373,Redni,18,QI00,PRIMERJALNO JEZIKOSLOVJE - DVOPREDMETNI UN,Univerzitetni
374,Redni,18,Q700,JAPONOLOGIJA - DVOPREDMETNI UN,Univerzitetni
375,Redni,18,QF00,POLONISTIKA - DVOPREDMETNI UN,Univerzitetni
376,Redni,18,Q700,JAPONOLOGIJA - DVOPREDMETNI UN,Univerzitetni
377,Redni,18,QR00,SOCIOLOGIJA - DVOPREDMETNI UN,Univerzitetni
378,Redni,18,Q700,JAPONOLOGIJA - DVOPREDMETNI UN,Univerzitetni
379,Redni,18,QS00,SPLOŠNO JEZIKOSLOVJE - DVOPREDMETNI UN,Univerzitetni
380,Redni,18,Q700,JAPONOLOGIJA - DVOPREDMETNI UN,Univerzitetni
381,Redni,18,QN00,SLOVAKISTIKA - DVOPREDMETNI UN,Univerzitetni
382,Redni,18,Q700,JAPONOLOGIJA - DVOPREDMETNI UN,Univerzitetni
383,Redni,18,QQ00,ŠPANSKI JEZIK IN KNJIŽEVNOST - DVOPREDMETNI UN,Univerzitetni
384,Redni,18,Q700,JAPONOLOGIJA - DVOPREDMETNI UN,Univerzitetni
385,Redni,18,QT00,UMETNOSTNA ZGODOVINA - DVOPREDMETNI UN,Univerzitetni
386,Redni,18,Q700,JAPONOLOGIJA - DVOPREDMETNI UN,Univerzitetni
387,Redni,18,QV00,ZGODOVINA - DVOPREDMETNI UN,Univerzitetni
388,Redni,18,Q800,JUŽNOSLOVANSKI ŠTUDIJI - DVOPREDMETNI UN,Univerzitetni
389,Redni,18,QA00,"LATINSKI JEZIK, KNJIŽEVNOST IN KULTURA - DVOPREDMETNI UN",Univerzitetni
390,Redni,18,Q800,JUŽNOSLOVANSKI ŠTUDIJI - DVOPREDMETNI UN,Univerzitetni
391,Redni,18,QE00,PEDAGOGIKA IN ANDRAGOGIKA - DVOPREDMETNI UN,Univerzitetni
392,Redni,18,Q800,JUŽNOSLOVANSKI ŠTUDIJI - DVOPREDMETNI UN,Univerzitetni
393,Redni,18,QH00,PRIMERJALNA KNJIŽEVNOST IN LITERARNA TEORIJA - DVOPREDMETNI UN,Univerzitetni
394,Redni,18,Q800,JUŽNOSLOVANSKI ŠTUDIJI - DVOPREDMETNI UN,Univerzitetni
395,Redni,18,QL00,RUSISTIKA - DVOPREDMETNI UN,Univerzitetni
396,Redni,18,Q800,JUŽNOSLOVANSKI ŠTUDIJI - DVOPREDMETNI UN,Univerzitetni
397,Redni,18,QS00,SPLOŠNO JEZIKOSLOVJE - DVOPREDMETNI UN,Univerzitetni
398,Redni,18,Q800,JUŽNOSLOVANSKI ŠTUDIJI - DVOPREDMETNI UN,Univerzitetni
399,Redni,18,QN00,SLOVAKISTIKA - DVOPREDMETNI UN,Univerzitetni
400,Redni,18,Q800,JUŽNOSLOVANSKI ŠTUDIJI - DVOPREDMETNI UN,Univerzitetni
401,Redni,18,Q800,JUŽNOSLOVANSKI ŠTUDIJI - DVOPREDMETNI UN,Univerzitetni
402,Redni,18,QJ00,PRIMERJALNO SLOVANSKO JEZIKOSLOVJE - DVOPREDMETNI UN,Univerzitetni
403,Redni,18,Q900,KULTURE VZHODNE AZIJE - DVOPREDMETNI UN,Univerzitetni
404,Redni,18,QA00,"LATINSKI JEZIK, KNJIŽEVNOST IN KULTURA - DVOPREDMETNI UN",Univerzitetni
405,Redni,18,Q900,KULTURE VZHODNE AZIJE - DVOPREDMETNI UN,Univerzitetni
406,Redni,18,QE00,PEDAGOGIKA IN ANDRAGOGIKA - DVOPREDMETNI UN,Univerzitetni
407,Redni,18,Q900,KULTURE VZHODNE AZIJE - DVOPREDMETNI UN,Univerzitetni
408,Redni,18,QH00,PRIMERJALNA KNJIŽEVNOST IN LITERARNA TEORIJA - DVOPREDMETNI UN,Univerzitetni
409,Redni,18,Q900,KULTURE VZHODNE AZIJE - DVOPREDMETNI UN,Univerzitetni
410,Redni,18,QF00,POLONISTIKA - DVOPREDMETNI UN,Univerzitetni
411,Redni,18,Q900,KULTURE VZHODNE AZIJE - DVOPREDMETNI UN,Univerzitetni
412,Redni,18,QR00,SOCIOLOGIJA - DVOPREDMETNI UN,Univerzitetni
413,Redni,18,Q900,KULTURE VZHODNE AZIJE - DVOPREDMETNI UN,Univerzitetni
414,Redni,18,QP00,SLOVENISTIKA - DVOPREDMETNI UN,Univerzitetni
415,Redni,18,Q900,KULTURE VZHODNE AZIJE - DVOPREDMETNI UN,Univerzitetni
416,Redni,18,QQ00,ŠPANSKI JEZIK IN KNJIŽEVNOST - DVOPREDMETNI UN,Univerzitetni
417,Redni,18,Q900,KULTURE VZHODNE AZIJE - DVOPREDMETNI UN,Univerzitetni
418,Redni,18,QT00,UMETNOSTNA ZGODOVINA - DVOPREDMETNI UN,Univerzitetni
419,Redni,18,Q900,KULTURE VZHODNE AZIJE - DVOPREDMETNI UN,Univerzitetni
420,Redni,18,QV00,ZGODOVINA - DVOPREDMETNI UN,Univerzitetni
421,Redni,18,QA00,"LATINSKI JEZIK, KNJIŽEVNOST IN KULTURA - DVOPREDMETNI UN",Univerzitetni
422,Redni,18,QE00,PEDAGOGIKA IN ANDRAGOGIKA - DVOPREDMETNI UN,Univerzitetni
423,Redni,18,QA00,"LATINSKI JEZIK, KNJIŽEVNOST IN KULTURA - DVOPREDMETNI UN",Univerzitetni
424,Redni,18,QH00,PRIMERJALNA KNJIŽEVNOST IN LITERARNA TEORIJA - DVOPREDMETNI UN,Univerzitetni
425,Redni,18,QA00,"LATINSKI JEZIK, KNJIŽEVNOST IN KULTURA - DVOPREDMETNI UN",Univerzitetni
426,Redni,18,QL00,RUSISTIKA - DVOPREDMETNI UN,Univerzitetni
427,Redni,18,QA00,"LATINSKI JEZIK, KNJIŽEVNOST IN KULTURA - DVOPREDMETNI UN",Univerzitetni
428,Redni,18,QS00,SPLOŠNO JEZIKOSLOVJE - DVOPREDMETNI UN,Univerzitetni
429,Redni,18,QA00,"LATINSKI JEZIK, KNJIŽEVNOST IN KULTURA - DVOPREDMETNI UN",Univerzitetni
430,Redni,18,QN00,SLOVAKISTIKA - DVOPREDMETNI UN,Univerzitetni
431,Redni,18,QA00,"LATINSKI JEZIK, KNJIŽEVNOST IN KULTURA - DVOPREDMETNI UN",Univerzitetni
432,Redni,18,QA00,"LATINSKI JEZIK, KNJIŽEVNOST IN KULTURA - DVOPREDMETNI UN",Univerzitetni
433,Redni,18,QJ00,PRIMERJALNO SLOVANSKO JEZIKOSLOVJE - DVOPREDMETNI UN,Univerzitetni
434,Redni,18,QB00,MUZIKOLOGIJA - ENOPREDMETNI UN,Univerzitetni
435,Redni,18,QC00,NEMCISTIKA - DVOPREDMETNI UN,Univerzitetni
436,Redni,18,QE00,PEDAGOGIKA IN ANDRAGOGIKA - DVOPREDMETNI UN,Univerzitetni
437,Redni,18,QC00,NEMCISTIKA - DVOPREDMETNI UN,Univerzitetni
438,Redni,18,QH00,PRIMERJALNA KNJIŽEVNOST IN LITERARNA TEORIJA - DVOPREDMETNI UN,Univerzitetni
439,Redni,18,QC00,NEMCISTIKA - DVOPREDMETNI UN,Univerzitetni
440,Redni,18,QL00,RUSISTIKA - DVOPREDMETNI UN,Univerzitetni
441,Redni,18,QC00,NEMCISTIKA - DVOPREDMETNI UN,Univerzitetni
442,Redni,18,QS00,SPLOŠNO JEZIKOSLOVJE - DVOPREDMETNI UN,Univerzitetni
443,Redni,18,QC00,NEMCISTIKA - DVOPREDMETNI UN,Univerzitetni
444,Redni,18,QN00,SLOVAKISTIKA - DVOPREDMETNI UN,Univerzitetni
445,Redni,18,QC00,NEMCISTIKA - DVOPREDMETNI UN,Univerzitetni
446,Redni,18,QC00,NEMCISTIKA - DVOPREDMETNI UN,Univerzitetni
447,Redni,18,QJ00,PRIMERJALNO SLOVANSKO JEZIKOSLOVJE - DVOPREDMETNI UN,Univerzitetni
448,Redni,18,QE00,PEDAGOGIKA IN ANDRAGOGIKA - DVOPREDMETNI UN,Univerzitetni
449,Redni,18,QI00,PRIMERJALNO JEZIKOSLOVJE - DVOPREDMETNI UN,Univerzitetni
450,Redni,18,QE00,PEDAGOGIKA IN ANDRAGOGIKA - DVOPREDMETNI UN,Univerzitetni
451,Redni,18,QH00,PRIMERJALNA KNJIŽEVNOST IN LITERARNA TEORIJA - DVOPREDMETNI UN,Univerzitetni
452,Redni,18,QE00,PEDAGOGIKA IN ANDRAGOGIKA - DVOPREDMETNI UN,Univerzitetni
453,Redni,18,QL00,RUSISTIKA - DVOPREDMETNI UN,Univerzitetni
454,Redni,18,QE00,PEDAGOGIKA IN ANDRAGOGIKA - DVOPREDMETNI UN,Univerzitetni
455,Redni,18,QS00,SPLOŠNO JEZIKOSLOVJE - DVOPREDMETNI UN,Univerzitetni
456,Redni,18,QE00,PEDAGOGIKA IN ANDRAGOGIKA - DVOPREDMETNI UN,Univerzitetni
457,Redni,18,QN00,SLOVAKISTIKA - DVOPREDMETNI UN,Univerzitetni
458,Redni,18,QE00,PEDAGOGIKA IN ANDRAGOGIKA - DVOPREDMETNI UN,Univerzitetni
459,Redni,18,QQ00,ŠPANSKI JEZIK IN KNJIŽEVNOST - DVOPREDMETNI UN,Univerzitetni
460,Redni,18,QE00,PEDAGOGIKA IN ANDRAGOGIKA - DVOPREDMETNI UN,Univerzitetni
461,Redni,18,QT00,UMETNOSTNA ZGODOVINA - DVOPREDMETNI UN,Univerzitetni
462,Redni,18,QE00,PEDAGOGIKA IN ANDRAGOGIKA - DVOPREDMETNI UN,Univerzitetni
463,Redni,18,QV00,ZGODOVINA - DVOPREDMETNI UN,Univerzitetni
464,Redni,18,QI00,PRIMERJALNO JEZIKOSLOVJE - DVOPREDMETNI UN,Univerzitetni
465,Redni,18,QL00,RUSISTIKA - DVOPREDMETNI UN,Univerzitetni
466,Redni,18,QI00,PRIMERJALNO JEZIKOSLOVJE - DVOPREDMETNI UN,Univerzitetni
467,Redni,18,QS00,SPLOŠNO JEZIKOSLOVJE - DVOPREDMETNI UN,Univerzitetni
468,Redni,18,QI00,PRIMERJALNO JEZIKOSLOVJE - DVOPREDMETNI UN,Univerzitetni
469,Redni,18,QN00,SLOVAKISTIKA - DVOPREDMETNI UN,Univerzitetni
470,Redni,18,QI00,PRIMERJALNO JEZIKOSLOVJE - DVOPREDMETNI UN,Univerzitetni
471,Redni,18,QQ00,ŠPANSKI JEZIK IN KNJIŽEVNOST - DVOPREDMETNI UN,Univerzitetni
472,Redni,18,QI00,PRIMERJALNO JEZIKOSLOVJE - DVOPREDMETNI UN,Univerzitetni
473,Redni,18,QI00,PRIMERJALNO JEZIKOSLOVJE - DVOPREDMETNI UN,Univerzitetni
474,Redni,18,QT00,UMETNOSTNA ZGODOVINA - DVOPREDMETNI UN,Univerzitetni
475,Redni,18,QI00,PRIMERJALNO JEZIKOSLOVJE - DVOPREDMETNI UN,Univerzitetni
476,Redni,18,QJ00,PRIMERJALNO SLOVANSKO JEZIKOSLOVJE - DVOPREDMETNI UN,Univerzitetni
477,Redni,18,QI00,PRIMERJALNO JEZIKOSLOVJE - DVOPREDMETNI UN,Univerzitetni
478,Redni,18,QV00,ZGODOVINA - DVOPREDMETNI UN,Univerzitetni
479,Redni,18,QH00,PRIMERJALNA KNJIŽEVNOST IN LITERARNA TEORIJA - DVOPREDMETNI UN,Univerzitetni
480,Redni,18,QL00,RUSISTIKA - DVOPREDMETNI UN,Univerzitetni
481,Redni,18,QH00,PRIMERJALNA KNJIŽEVNOST IN LITERARNA TEORIJA - DVOPREDMETNI UN,Univerzitetni
482,Redni,18,QR00,SOCIOLOGIJA - DVOPREDMETNI UN,Univerzitetni
483,Redni,18,QH00,PRIMERJALNA KNJIŽEVNOST IN LITERARNA TEORIJA - DVOPREDMETNI UN,Univerzitetni
484,Redni,18,QS00,SPLOŠNO JEZIKOSLOVJE - DVOPREDMETNI UN,Univerzitetni
485,Redni,18,QH00,PRIMERJALNA KNJIŽEVNOST IN LITERARNA TEORIJA - DVOPREDMETNI UN,Univerzitetni
486,Redni,18,QP00,SLOVENISTIKA - DVOPREDMETNI UN,Univerzitetni
487,Redni,18,Q000,FILOZOFIJA - DVOPREDMETNI UN,Univerzitetni
488,Redni,18,QE00,PEDAGOGIKA IN ANDRAGOGIKA - DVOPREDMETNI UN,Univerzitetni
489,Redni,18,Q000,FILOZOFIJA - DVOPREDMETNI UN,Univerzitetni
490,Redni,18,QH00,PRIMERJALNA KNJIŽEVNOST IN LITERARNA TEORIJA - DVOPREDMETNI UN,Univerzitetni
491,Redni,18,Q000,FILOZOFIJA - DVOPREDMETNI UN,Univerzitetni
492,Redni,18,QL00,RUSISTIKA - DVOPREDMETNI UN,Univerzitetni
493,Redni,18,Q000,FILOZOFIJA - DVOPREDMETNI UN,Univerzitetni
494,Redni,18,QS00,SPLOŠNO JEZIKOSLOVJE - DVOPREDMETNI UN,Univerzitetni
495,Redni,18,Q000,FILOZOFIJA - DVOPREDMETNI UN,Univerzitetni
496,Redni,18,QN00,SLOVAKISTIKA - DVOPREDMETNI UN,Univerzitetni
497,Redni,18,Q000,FILOZOFIJA - DVOPREDMETNI UN,Univerzitetni
498,Redni,18,QQ00,ŠPANSKI JEZIK IN KNJIŽEVNOST - DVOPREDMETNI UN,Univerzitetni
499,Redni,18,Q000,FILOZOFIJA - DVOPREDMETNI UN,Univerzitetni
500,Redni,18,QT00,UMETNOSTNA ZGODOVINA - DVOPREDMETNI UN,Univerzitetni
501,Redni,18,Q000,FILOZOFIJA - DVOPREDMETNI UN,Univerzitetni
502,Redni,18,QV00,ZGODOVINA - DVOPREDMETNI UN,Univerzitetni
503,Redni,18,Q200,FRANCISTIKA - DVOPREDMETNI UN,Univerzitetni
504,Redni,18,Q400,"GRŠKI JEZIK, KNJIŽEVNOST IN KULTURA - DVOPREDMETNI UN",Univerzitetni
505,Redni,18,Q200,FRANCISTIKA - DVOPREDMETNI UN,Univerzitetni
506,Redni,18,Q700,JAPONOLOGIJA - DVOPREDMETNI UN,Univerzitetni
507,Redni,18,Q200,FRANCISTIKA - DVOPREDMETNI UN,Univerzitetni
508,Redni,18,Q900,KULTURE VZHODNE AZIJE - DVOPREDMETNI UN,Univerzitetni
509,Redni,18,Q200,FRANCISTIKA - DVOPREDMETNI UN,Univerzitetni
510,Redni,18,QC00,NEMCISTIKA - DVOPREDMETNI UN,Univerzitetni
511,Redni,18,Q200,FRANCISTIKA - DVOPREDMETNI UN,Univerzitetni
512,Redni,18,QI00,PRIMERJALNO JEZIKOSLOVJE - DVOPREDMETNI UN,Univerzitetni
513,Redni,18,Q200,FRANCISTIKA - DVOPREDMETNI UN,Univerzitetni
514,Redni,18,QH00,PRIMERJALNA KNJIŽEVNOST IN LITERARNA TEORIJA - DVOPREDMETNI UN,Univerzitetni
515,Redni,18,Q200,FRANCISTIKA - DVOPREDMETNI UN,Univerzitetni
516,Redni,18,QF00,POLONISTIKA - DVOPREDMETNI UN,Univerzitetni
517,Redni,18,Q200,FRANCISTIKA - DVOPREDMETNI UN,Univerzitetni
518,Redni,18,QL00,RUSISTIKA - DVOPREDMETNI UN,Univerzitetni
519,Redni,18,Q200,FRANCISTIKA - DVOPREDMETNI UN,Univerzitetni
520,Redni,18,QR00,SOCIOLOGIJA - DVOPREDMETNI UN,Univerzitetni
521,Redni,18,Q200,FRANCISTIKA - DVOPREDMETNI UN,Univerzitetni
522,Redni,18,QS00,SPLOŠNO JEZIKOSLOVJE - DVOPREDMETNI UN,Univerzitetni
523,Redni,18,Q200,FRANCISTIKA - DVOPREDMETNI UN,Univerzitetni
524,Redni,18,QP00,SLOVENISTIKA - DVOPREDMETNI UN,Univerzitetni
525,Redni,18,Q200,FRANCISTIKA - DVOPREDMETNI UN,Univerzitetni
526,Redni,18,QN00,SLOVAKISTIKA - DVOPREDMETNI UN,Univerzitetni
527,Redni,18,Q100,FRANCISTIKA Z ROMANISTIKO - ENOPREDMETNI UN,Univerzitetni
528,Redni,18,Q200,FRANCISTIKA - DVOPREDMETNI UN,Univerzitetni
529,Redni,18,QQ00,ŠPANSKI JEZIK IN KNJIŽEVNOST - DVOPREDMETNI UN,Univerzitetni
530,Redni,18,Q200,FRANCISTIKA - DVOPREDMETNI UN,Univerzitetni
531,Redni,18,Q200,FRANCISTIKA - DVOPREDMETNI UN,Univerzitetni
532,Redni,18,QT00,UMETNOSTNA ZGODOVINA - DVOPREDMETNI UN,Univerzitetni
533,Redni,18,Q200,FRANCISTIKA - DVOPREDMETNI UN,Univerzitetni
534,Redni,18,QJ00,PRIMERJALNO SLOVANSKO JEZIKOSLOVJE - DVOPREDMETNI UN,Univerzitetni
535,Redni,18,Q200,FRANCISTIKA - DVOPREDMETNI UN,Univerzitetni
536,Redni,18,QV00,ZGODOVINA - DVOPREDMETNI UN,Univerzitetni
537,Redni,18,Q300,GEOGRAFIJA - DVOPREDMETNI UN,Univerzitetni
538,Redni,18,Q400,"GRŠKI JEZIK, KNJIŽEVNOST IN KULTURA - DVOPREDMETNI UN",Univerzitetni
539,Redni,18,Q300,GEOGRAFIJA - DVOPREDMETNI UN,Univerzitetni
540,Redni,18,Q500,ITALIJANSKI JEZIK IN KNJIŽEVNOST - DVOPREDMETNI UN,Univerzitetni
541,Redni,18,Q300,GEOGRAFIJA - DVOPREDMETNI UN,Univerzitetni
542,Redni,18,Q700,JAPONOLOGIJA - DVOPREDMETNI UN,Univerzitetni
543,Redni,18,Q300,GEOGRAFIJA - DVOPREDMETNI UN,Univerzitetni
544,Redni,18,Q800,JUŽNOSLOVANSKI ŠTUDIJI - DVOPREDMETNI UN,Univerzitetni
545,Redni,18,Q300,GEOGRAFIJA - DVOPREDMETNI UN,Univerzitetni
546,Redni,18,Q900,KULTURE VZHODNE AZIJE - DVOPREDMETNI UN,Univerzitetni
547,Redni,18,Q300,GEOGRAFIJA - DVOPREDMETNI UN,Univerzitetni
548,Redni,18,QA00,"LATINSKI JEZIK, KNJIŽEVNOST IN KULTURA - DVOPREDMETNI UN",Univerzitetni
549,Redni,18,Q300,GEOGRAFIJA - DVOPREDMETNI UN,Univerzitetni
550,Redni,18,QC00,NEMCISTIKA - DVOPREDMETNI UN,Univerzitetni
551,Redni,18,Q300,GEOGRAFIJA - DVOPREDMETNI UN,Univerzitetni
552,Redni,18,QE00,PEDAGOGIKA IN ANDRAGOGIKA - DVOPREDMETNI UN,Univerzitetni
553,Redni,18,Q300,GEOGRAFIJA - DVOPREDMETNI UN,Univerzitetni
554,Redni,18,QI00,PRIMERJALNO JEZIKOSLOVJE - DVOPREDMETNI UN,Univerzitetni
555,Redni,18,Q300,GEOGRAFIJA - DVOPREDMETNI UN,Univerzitetni
556,Redni,18,QH00,PRIMERJALNA KNJIŽEVNOST IN LITERARNA TEORIJA - DVOPREDMETNI UN,Univerzitetni
557,Redni,18,Q300,GEOGRAFIJA - DVOPREDMETNI UN,Univerzitetni
558,Redni,18,QF00,POLONISTIKA - DVOPREDMETNI UN,Univerzitetni
559,Redni,18,TS00,GERMANISTIKA -  ENOPREDMETNI UN,Univerzitetni
560,Redni,18,Q300,GEOGRAFIJA - DVOPREDMETNI UN,Univerzitetni
561,Redni,18,QL00,RUSISTIKA - DVOPREDMETNI UN,Univerzitetni
562,Redni,18,Q300,GEOGRAFIJA - DVOPREDMETNI UN,Univerzitetni
563,Redni,18,QR00,SOCIOLOGIJA - DVOPREDMETNI UN,Univerzitetni
564,Redni,18,Q300,GEOGRAFIJA - DVOPREDMETNI UN,Univerzitetni
565,Redni,18,QS00,SPLOŠNO JEZIKOSLOVJE - DVOPREDMETNI UN,Univerzitetni
566,Redni,18,Q300,GEOGRAFIJA - DVOPREDMETNI UN,Univerzitetni
567,Redni,18,QP00,SLOVENISTIKA - DVOPREDMETNI UN,Univerzitetni
568,Redni,18,TP00,GEOGRAFIJA - ENOPREDMETNI   UN,Univerzitetni
569,Redni,18,Q300,GEOGRAFIJA - DVOPREDMETNI UN,Univerzitetni
570,Redni,18,QQ00,ŠPANSKI JEZIK IN KNJIŽEVNOST - DVOPREDMETNI UN,Univerzitetni
571,Redni,18,Q300,GEOGRAFIJA - DVOPREDMETNI UN,Univerzitetni
572,Redni,18,QT00,UMETNOSTNA ZGODOVINA - DVOPREDMETNI UN,Univerzitetni
573,Redni,18,Q300,GEOGRAFIJA - DVOPREDMETNI UN,Univerzitetni
574,Redni,18,QV00,ZGODOVINA - DVOPREDMETNI UN,Univerzitetni
575,Redni,18,Q400,"GRŠKI JEZIK, KNJIŽEVNOST IN KULTURA - DVOPREDMETNI UN",Univerzitetni
576,Redni,18,Q700,JAPONOLOGIJA - DVOPREDMETNI UN,Univerzitetni
577,Redni,18,Q400,"GRŠKI JEZIK, KNJIŽEVNOST IN KULTURA - DVOPREDMETNI UN",Univerzitetni
578,Redni,18,Q900,KULTURE VZHODNE AZIJE - DVOPREDMETNI UN,Univerzitetni
579,Redni,18,Q400,"GRŠKI JEZIK, KNJIŽEVNOST IN KULTURA - DVOPREDMETNI UN",Univerzitetni
580,Redni,18,QC00,NEMCISTIKA - DVOPREDMETNI UN,Univerzitetni
581,Redni,18,Q400,"GRŠKI JEZIK, KNJIŽEVNOST IN KULTURA - DVOPREDMETNI UN",Univerzitetni
582,Redni,18,QI00,PRIMERJALNO JEZIKOSLOVJE - DVOPREDMETNI UN,Univerzitetni
583,Redni,18,Q400,"GRŠKI JEZIK, KNJIŽEVNOST IN KULTURA - DVOPREDMETNI UN",Univerzitetni
584,Redni,18,QF00,POLONISTIKA - DVOPREDMETNI UN,Univerzitetni
585,Redni,18,Q400,"GRŠKI JEZIK, KNJIŽEVNOST IN KULTURA - DVOPREDMETNI UN",Univerzitetni
586,Redni,18,QR00,SOCIOLOGIJA - DVOPREDMETNI UN,Univerzitetni
587,Redni,18,Q400,"GRŠKI JEZIK, KNJIŽEVNOST IN KULTURA - DVOPREDMETNI UN",Univerzitetni
588,Redni,18,QP00,SLOVENISTIKA - DVOPREDMETNI UN,Univerzitetni
589,Redni,18,Q400,"GRŠKI JEZIK, KNJIŽEVNOST IN KULTURA - DVOPREDMETNI UN",Univerzitetni
590,Redni,18,QQ00,ŠPANSKI JEZIK IN KNJIŽEVNOST - DVOPREDMETNI UN,Univerzitetni
591,Redni,18,Q400,"GRŠKI JEZIK, KNJIŽEVNOST IN KULTURA - DVOPREDMETNI UN",Univerzitetni
592,Redni,18,QT00,UMETNOSTNA ZGODOVINA - DVOPREDMETNI UN,Univerzitetni
593,Redni,18,Q400,"GRŠKI JEZIK, KNJIŽEVNOST IN KULTURA - DVOPREDMETNI UN",Univerzitetni
594,Redni,18,QV00,ZGODOVINA - DVOPREDMETNI UN,Univerzitetni
595,Redni,18,Q500,ITALIJANSKI JEZIK IN KNJIŽEVNOST - DVOPREDMETNI UN,Univerzitetni
596,Redni,18,Q800,JUŽNOSLOVANSKI ŠTUDIJI - DVOPREDMETNI UN,Univerzitetni
597,Redni,18,Q500,ITALIJANSKI JEZIK IN KNJIŽEVNOST - DVOPREDMETNI UN,Univerzitetni
598,Redni,18,Q900,KULTURE VZHODNE AZIJE - DVOPREDMETNI UN,Univerzitetni
599,Redni,18,Q500,ITALIJANSKI JEZIK IN KNJIŽEVNOST - DVOPREDMETNI UN,Univerzitetni
600,Redni,18,QC00,NEMCISTIKA - DVOPREDMETNI UN,Univerzitetni
601,Redni,18,Q500,ITALIJANSKI JEZIK IN KNJIŽEVNOST - DVOPREDMETNI UN,Univerzitetni
602,Redni,18,QI00,PRIMERJALNO JEZIKOSLOVJE - DVOPREDMETNI UN,Univerzitetni
603,Redni,18,Q500,ITALIJANSKI JEZIK IN KNJIŽEVNOST - DVOPREDMETNI UN,Univerzitetni
604,Redni,18,QF00,POLONISTIKA - DVOPREDMETNI UN,Univerzitetni
605,Redni,18,Q500,ITALIJANSKI JEZIK IN KNJIŽEVNOST - DVOPREDMETNI UN,Univerzitetni
606,Redni,18,QR00,SOCIOLOGIJA - DVOPREDMETNI UN,Univerzitetni
607,Redni,18,Q500,ITALIJANSKI JEZIK IN KNJIŽEVNOST - DVOPREDMETNI UN,Univerzitetni
608,Redni,18,QP00,SLOVENISTIKA - DVOPREDMETNI UN,Univerzitetni
609,Redni,18,Q500,ITALIJANSKI JEZIK IN KNJIŽEVNOST - DVOPREDMETNI UN,Univerzitetni
610,Redni,18,QQ00,ŠPANSKI JEZIK IN KNJIŽEVNOST - DVOPREDMETNI UN,Univerzitetni
611,Redni,18,ZU00,ANGLISTIKA - DVOPREDMETNI UN,Univerzitetni
612,Redni,18,ZX00,BOHEMISTIKA - DVOPREDMETNI UN,Univerzitetni
613,Redni,18,ZU00,ANGLISTIKA - DVOPREDMETNI UN,Univerzitetni
614,Redni,18,Q000,FILOZOFIJA - DVOPREDMETNI UN,Univerzitetni
615,Redni,18,ZU00,ANGLISTIKA - DVOPREDMETNI UN,Univerzitetni
616,Redni,18,Q300,GEOGRAFIJA - DVOPREDMETNI UN,Univerzitetni
617,Redni,18,ZU00,ANGLISTIKA - DVOPREDMETNI UN,Univerzitetni
618,Redni,18,Q500,ITALIJANSKI JEZIK IN KNJIŽEVNOST - DVOPREDMETNI UN,Univerzitetni
619,Redni,18,ZU00,ANGLISTIKA - DVOPREDMETNI UN,Univerzitetni
620,Redni,18,Q800,JUŽNOSLOVANSKI ŠTUDIJI - DVOPREDMETNI UN,Univerzitetni
621,Redni,18,ZU00,ANGLISTIKA - DVOPREDMETNI UN,Univerzitetni
622,Redni,18,QA00,"LATINSKI JEZIK, KNJIŽEVNOST IN KULTURA - DVOPREDMETNI UN",Univerzitetni
623,Redni,18,ZU00,ANGLISTIKA - DVOPREDMETNI UN,Univerzitetni
624,Redni,18,QE00,PEDAGOGIKA IN ANDRAGOGIKA - DVOPREDMETNI UN,Univerzitetni
625,Redni,18,ZU00,ANGLISTIKA - DVOPREDMETNI UN,Univerzitetni
626,Redni,18,QH00,PRIMERJALNA KNJIŽEVNOST IN LITERARNA TEORIJA - DVOPREDMETNI UN,Univerzitetni
627,Redni,18,ZU00,ANGLISTIKA - DVOPREDMETNI UN,Univerzitetni
628,Redni,18,QL00,RUSISTIKA - DVOPREDMETNI UN,Univerzitetni
629,Redni,18,ZU00,ANGLISTIKA - DVOPREDMETNI UN,Univerzitetni
630,Redni,18,QS00,SPLOŠNO JEZIKOSLOVJE - DVOPREDMETNI UN,Univerzitetni
631,Redni,18,ZU00,ANGLISTIKA - DVOPREDMETNI UN,Univerzitetni
632,Redni,18,QN00,SLOVAKISTIKA - DVOPREDMETNI UN,Univerzitetni
633,Redni,18,ZU00,ANGLISTIKA - DVOPREDMETNI UN,Univerzitetni
634,Redni,18,ZU00,ANGLISTIKA - DVOPREDMETNI UN,Univerzitetni
635,Redni,18,QJ00,PRIMERJALNO SLOVANSKO JEZIKOSLOVJE - DVOPREDMETNI UN,Univerzitetni
636,Redni,18,ZZ00,ARHEOLOGIJA  - ENOPREDMETNI UN,Univerzitetni
637,Redni,18,S2S0,BIBLIOTEKARSTVO IN INFORMATIKA - ENOPREDMETNI UN,Univerzitetni
638,Redni,18,ZX00,BOHEMISTIKA - DVOPREDMETNI UN,Univerzitetni
639,Redni,18,Q000,FILOZOFIJA - DVOPREDMETNI UN,Univerzitetni
640,Redni,18,ZX00,BOHEMISTIKA - DVOPREDMETNI UN,Univerzitetni
641,Redni,18,Q300,GEOGRAFIJA - DVOPREDMETNI UN,Univerzitetni
642,Redni,18,ZX00,BOHEMISTIKA - DVOPREDMETNI UN,Univerzitetni
643,Redni,18,Q500,ITALIJANSKI JEZIK IN KNJIŽEVNOST - DVOPREDMETNI UN,Univerzitetni
644,Redni,18,ZU00,ANGLISTIKA - DVOPREDMETNI UN,Univerzitetni
645,Redni,18,YM00,ETNOLOGIJA IN KULTURNA ANTROPOLOGIJA -  DVOPREDMETNI UN,Univerzitetni
646,Redni,18,ZU00,ANGLISTIKA - DVOPREDMETNI UN,Univerzitetni
647,Redni,18,Q200,FRANCISTIKA - DVOPREDMETNI UN,Univerzitetni
648,Redni,18,ZU00,ANGLISTIKA - DVOPREDMETNI UN,Univerzitetni
649,Redni,18,Q400,"GRŠKI JEZIK, KNJIŽEVNOST IN KULTURA - DVOPREDMETNI UN",Univerzitetni
650,Redni,18,ZU00,ANGLISTIKA - DVOPREDMETNI UN,Univerzitetni
651,Redni,18,Q700,JAPONOLOGIJA - DVOPREDMETNI UN,Univerzitetni
652,Redni,18,ZU00,ANGLISTIKA - DVOPREDMETNI UN,Univerzitetni
653,Redni,18,Q900,KULTURE VZHODNE AZIJE - DVOPREDMETNI UN,Univerzitetni
654,Redni,18,ZU00,ANGLISTIKA - DVOPREDMETNI UN,Univerzitetni
655,Redni,18,QC00,NEMCISTIKA - DVOPREDMETNI UN,Univerzitetni
656,Redni,18,ZU00,ANGLISTIKA - DVOPREDMETNI UN,Univerzitetni
657,Redni,18,QI00,PRIMERJALNO JEZIKOSLOVJE - DVOPREDMETNI UN,Univerzitetni
658,Redni,18,ZU00,ANGLISTIKA - DVOPREDMETNI UN,Univerzitetni
659,Redni,18,QF00,POLONISTIKA - DVOPREDMETNI UN,Univerzitetni
660,Redni,18,ZU00,ANGLISTIKA - DVOPREDMETNI UN,Univerzitetni
661,Redni,18,QR00,SOCIOLOGIJA - DVOPREDMETNI UN,Univerzitetni
662,Redni,18,ZU00,ANGLISTIKA - DVOPREDMETNI UN,Univerzitetni
663,Redni,18,QP00,SLOVENISTIKA - DVOPREDMETNI UN,Univerzitetni
664,Redni,18,ZT00,ANGLISTIKA - ENOPREDMETNI UN,Univerzitetni
665,Redni,18,ZU00,ANGLISTIKA - DVOPREDMETNI UN,Univerzitetni
666,Redni,18,QQ00,ŠPANSKI JEZIK IN KNJIŽEVNOST - DVOPREDMETNI UN,Univerzitetni
667,Redni,18,ZU00,ANGLISTIKA - DVOPREDMETNI UN,Univerzitetni
668,Redni,18,QT00,UMETNOSTNA ZGODOVINA - DVOPREDMETNI UN,Univerzitetni
669,Redni,18,ZU00,ANGLISTIKA - DVOPREDMETNI UN,Univerzitetni
670,Redni,18,QV00,ZGODOVINA - DVOPREDMETNI UN,Univerzitetni
671,Redni,18,ZV00,ANTIČNI IN HUMANISTIČNI ŠTUDIJI - ENOPREDMETNI UN,Univerzitetni
672,Redni,18,ZX00,BOHEMISTIKA - DVOPREDMETNI UN,Univerzitetni
673,Redni,18,YM00,ETNOLOGIJA IN KULTURNA ANTROPOLOGIJA -  DVOPREDMETNI UN,Univerzitetni
674,Redni,18,ZX00,BOHEMISTIKA - DVOPREDMETNI UN,Univerzitetni
675,Redni,18,Q200,FRANCISTIKA - DVOPREDMETNI UN,Univerzitetni
676,Redni,18,ZX00,BOHEMISTIKA - DVOPREDMETNI UN,Univerzitetni
677,Redni,18,Q400,"GRŠKI JEZIK, KNJIŽEVNOST IN KULTURA - DVOPREDMETNI UN",Univerzitetni
678,Redni,18,ZX00,BOHEMISTIKA - DVOPREDMETNI UN,Univerzitetni
679,Redni,18,Q700,JAPONOLOGIJA - DVOPREDMETNI UN,Univerzitetni
680,Redni,18,ZX00,BOHEMISTIKA - DVOPREDMETNI UN,Univerzitetni
681,Redni,18,Q900,KULTURE VZHODNE AZIJE - DVOPREDMETNI UN,Univerzitetni
682,Redni,18,ZX00,BOHEMISTIKA - DVOPREDMETNI UN,Univerzitetni
683,Redni,18,QC00,NEMCISTIKA - DVOPREDMETNI UN,Univerzitetni
684,Redni,18,ZX00,BOHEMISTIKA - DVOPREDMETNI UN,Univerzitetni
685,Redni,18,QI00,PRIMERJALNO JEZIKOSLOVJE - DVOPREDMETNI UN,Univerzitetni
686,Redni,18,ZX00,BOHEMISTIKA - DVOPREDMETNI UN,Univerzitetni
687,Redni,18,QF00,POLONISTIKA - DVOPREDMETNI UN,Univerzitetni
688,Redni,18,ZX00,BOHEMISTIKA - DVOPREDMETNI UN,Univerzitetni
689,Redni,18,QL00,RUSISTIKA - DVOPREDMETNI UN,Univerzitetni
690,Redni,18,ZX00,BOHEMISTIKA - DVOPREDMETNI UN,Univerzitetni
691,Redni,18,QS00,SPLOŠNO JEZIKOSLOVJE - DVOPREDMETNI UN,Univerzitetni
692,Redni,18,ZX00,BOHEMISTIKA - DVOPREDMETNI UN,Univerzitetni
693,Redni,18,QN00,SLOVAKISTIKA - DVOPREDMETNI UN,Univerzitetni
694,Redni,18,ZX00,BOHEMISTIKA - DVOPREDMETNI UN,Univerzitetni
695,Redni,18,ZX00,BOHEMISTIKA - DVOPREDMETNI UN,Univerzitetni
696,Redni,18,QJ00,PRIMERJALNO SLOVANSKO JEZIKOSLOVJE - DVOPREDMETNI UN,Univerzitetni
697,Redni,18,YM00,ETNOLOGIJA IN KULTURNA ANTROPOLOGIJA -  DVOPREDMETNI UN,Univerzitetni
698,Redni,18,Q000,FILOZOFIJA - DVOPREDMETNI UN,Univerzitetni
699,Redni,18,YM00,ETNOLOGIJA IN KULTURNA ANTROPOLOGIJA -  DVOPREDMETNI UN,Univerzitetni
700,Redni,18,Q300,GEOGRAFIJA - DVOPREDMETNI UN,Univerzitetni
701,Redni,18,YM00,ETNOLOGIJA IN KULTURNA ANTROPOLOGIJA -  DVOPREDMETNI UN,Univerzitetni
702,Redni,18,Q500,ITALIJANSKI JEZIK IN KNJIŽEVNOST - DVOPREDMETNI UN,Univerzitetni
703,Redni,18,YM00,ETNOLOGIJA IN KULTURNA ANTROPOLOGIJA -  DVOPREDMETNI UN,Univerzitetni
704,Redni,18,Q800,JUŽNOSLOVANSKI ŠTUDIJI - DVOPREDMETNI UN,Univerzitetni
705,Redni,18,YM00,ETNOLOGIJA IN KULTURNA ANTROPOLOGIJA -  DVOPREDMETNI UN,Univerzitetni
706,Redni,18,QA00,"LATINSKI JEZIK, KNJIŽEVNOST IN KULTURA - DVOPREDMETNI UN",Univerzitetni
707,Redni,18,YM00,ETNOLOGIJA IN KULTURNA ANTROPOLOGIJA -  DVOPREDMETNI UN,Univerzitetni
708,Redni,18,QE00,PEDAGOGIKA IN ANDRAGOGIKA - DVOPREDMETNI UN,Univerzitetni
709,Redni,18,YM00,ETNOLOGIJA IN KULTURNA ANTROPOLOGIJA -  DVOPREDMETNI UN,Univerzitetni
710,Redni,18,QH00,PRIMERJALNA KNJIŽEVNOST IN LITERARNA TEORIJA - DVOPREDMETNI UN,Univerzitetni
711,Redni,18,YM00,ETNOLOGIJA IN KULTURNA ANTROPOLOGIJA -  DVOPREDMETNI UN,Univerzitetni
712,Redni,18,QL00,RUSISTIKA - DVOPREDMETNI UN,Univerzitetni
713,Redni,18,YM00,ETNOLOGIJA IN KULTURNA ANTROPOLOGIJA -  DVOPREDMETNI UN,Univerzitetni
714,Redni,18,QS00,SPLOŠNO JEZIKOSLOVJE - DVOPREDMETNI UN,Univerzitetni
715,Redni,18,YM00,ETNOLOGIJA IN KULTURNA ANTROPOLOGIJA -  DVOPREDMETNI UN,Univerzitetni
716,Redni,18,QP00,SLOVENISTIKA - DVOPREDMETNI UN,Univerzitetni
717,Redni,18,TO00,ETNOLOGIJA IN KULTURNA ANTROPOLOGIJA -  ENOPREDMETNI UN,Univerzitetni
718,Redni,18,YM00,ETNOLOGIJA IN KULTURNA ANTROPOLOGIJA -  DVOPREDMETNI UN,Univerzitetni
719,Redni,18,YM00,ETNOLOGIJA IN KULTURNA ANTROPOLOGIJA -  DVOPREDMETNI UN,Univerzitetni
720,Redni,18,QJ00,PRIMERJALNO SLOVANSKO JEZIKOSLOVJE - DVOPREDMETNI UN,Univerzitetni
721,Redni,18,Q000,FILOZOFIJA - DVOPREDMETNI UN,Univerzitetni
722,Redni,18,Q200,FRANCISTIKA - DVOPREDMETNI UN,Univerzitetni
723,Redni,18,Q000,FILOZOFIJA - DVOPREDMETNI UN,Univerzitetni
724,Redni,18,Q400,"GRŠKI JEZIK, KNJIŽEVNOST IN KULTURA - DVOPREDMETNI UN",Univerzitetni
725,Redni,18,Q000,FILOZOFIJA - DVOPREDMETNI UN,Univerzitetni
726,Redni,18,Q500,ITALIJANSKI JEZIK IN KNJIŽEVNOST - DVOPREDMETNI UN,Univerzitetni
727,Redni,18,Q000,FILOZOFIJA - DVOPREDMETNI UN,Univerzitetni
728,Redni,18,Q800,JUŽNOSLOVANSKI ŠTUDIJI - DVOPREDMETNI UN,Univerzitetni
729,Redni,18,Q000,FILOZOFIJA - DVOPREDMETNI UN,Univerzitetni
730,Redni,18,QA00,"LATINSKI JEZIK, KNJIŽEVNOST IN KULTURA - DVOPREDMETNI UN",Univerzitetni
731,Redni,19,R200,UNIVERZITETNA POSLOVNA IN EKONOMSKA ŠOLA UN,Univerzitetni
732,Izredni,19,R300,VISOKA POSLOVNA ŠOLA (LJUBLJANA) VS,Visokošolski strokovni
733,Redni,20,ZI00,PRAVO UN,Univerzitetni
734,Izredni,21,RJ00,DRUŽBOSLOVNA INFORMATIKA VS,Visokošolski strokovni
735,Redni,21,RI00,SOCIOLOGIJA - KADROVSKI MENEDŽMENT UN,Univerzitetni
736,Redni,21,R700,POLITOLOGIJA  - ŠTUDIJE POLITIKE IN DRŽAVE UN,Univerzitetni
737,Redni,21,RG00,POLITOLOGIJA - ANALIZA POLITIK IN JAVNA UPRAVA UN,Univerzitetni
738,Redni,21,RH00,POLITOLOGIJA - OBRAMBOSLOVJE UN,Univerzitetni
739,Redni,21,RF00,NOVINARSTVO UN,Univerzitetni
740,Redni,21,RB00,KOMUNIKOLOGIJA - MEDIJSKE IN KOMUNIKACIJSKE ŠTUDIJE UN,Univerzitetni
741,Redni,21,RD00,KULTUROLOGIJA UN,Univerzitetni
742,Redni,21,R600,ANALITSKA SOCIOLOGIJA UN,Univerzitetni
743,Redni,21,R800,DRUŽBOSLOVNA INFORMATIKA UN,Univerzitetni
744,Redni,21,RE00,MEDNARODNI ODNOSI UN,Univerzitetni
745,Redni,21,R900,EVROPSKE ŠTUDIJE - DRUŽBOSLOVNI VIDIKI UN,Univerzitetni
746,Redni,21,RC00,KOMUNIKOLOGIJA - TRŽNO KOMUNICIRANJE IN ODNOSI Z JAVNOSTMI UN,Univerzitetni
747,Redni,22,VY00,ŠPORTNO TRENIRANJE UN,Univerzitetni
748,Redni,22,ZO00,KINEZIOLOGIJA UN,Univerzitetni
749,Redni,22,VX00,ŠPORTNA VZGOJA UN,Univerzitetni
750,Redni,23,TN00,STROJNIŠTVO UN,Univerzitetni
751,Izredni,23,VQ00,STROJNIŠTVO (LJUBLJANA) VS,Visokošolski strokovni
752,Redni,25,SU00,ENOVITI MAGISTRSKI ŠTUDIJSKI PROGRAM DRUGE STOPNJE ARHITEKTURA,RA
753,Izredni,26,TF00,OPERATIVNO GRADBENIŠTVO VS,Visokošolski strokovni
754,Redni,26,VI00,GEODEZIJA IN GEOINFORMATIKA UN,Univerzitetni
755,Izredni,26,TG00,TEHNIČNO UPRAVLJANJE NEPREMIČNIN VS,Visokošolski strokovni
756,Redni,26,VH00,VODARSTVO IN OKOLJSKO INŽENIRSTVO UN,Univerzitetni
757,Redni,26,VG00,GRADBENIŠTVO UN,Univerzitetni
758,Redni,30,VL00,KEMIJSKO INŽENIRSTVO UN,Univerzitetni
759,Redni,30,VK00,KEMIJA UN,Univerzitetni
760,Redni,30,VJ00,BIOKEMIJA UN,Univerzitetni
761,Izredni,30,VN00,KEMIJSKA TEHNOLOGIJA VS,Visokošolski strokovni
762,Redni,30,VM00,TEHNIŠKA VARNOST UN,Univerzitetni
763,Redni,31,TC00,ENOVITI MAGISTRSKI ŠTUDIJSKI PROGRAM DRUGE STOPNJE FARMACIJA,JA
764,Redni,31,WQ00,KOZMETOLOGIJA UN,Univerzitetni
765,Redni,31,TD00,LABORATORIJSKA BIOMEDICINA UN,Univerzitetni
766,Redni,32,S300,NAČRTOVANJE TEKSTILIJ IN OBLAČIL UN,Univerzitetni
767,Redni,32,S500,OBLIKOVANJE TEKSTILIJ IN OBLAČIL UN,Univerzitetni
768,Izredni,32,S600,PROIZVODNJA TEKSTILIJ IN OBLAČIL VS,Visokošolski strokovni
769,Redni,32,S400,GRAFIČNE IN INTERAKTIVNE KOMUNIKACIJE UN,Univerzitetni
770,Izredni,32,S700,GRAFIČNA IN MEDIJSKA TEHNIKA VS,Visokošolski strokovni
771,Izredni,34,SB00,KMETIJSTVO - AGRONOMIJA  IN HORTIKULTURA VS,Visokošolski strokovni
772,Redni,34,SA00,KMETIJSTVO - AGRONOMIJA UN,Univerzitetni
773,Redni,35,SN00,ŽIVILSTVO IN PREHRANA UN,Univerzitetni
774,Redni,35,SP00,MIKROBIOLOGIJA UN,Univerzitetni
775,Izredni,36,SE00,GOZDARSTVO VS,Visokošolski strokovni
776,Redni,36,SD00,GOZDARSTVO IN OBNOVLJIVI GOZDNI VIRI UN,Univerzitetni
777,Redni,37,TV00,ENOVITI MAGISTRSKI ŠTUDIJSKI PROGRAM DRUGE STOPNJE VETERINARSTVO,VO
778,Redni,38,SC00,BIOLOGIJA UN,Univerzitetni
779,Izredni,39,SH00,TEHNOLOGIJE LESA IN VLAKNATIH KOMPOZITOV VS,Visokošolski strokovni
780,Redni,39,SG00,LESARSTVO UN,Univerzitetni
781,Redni,40,T300,KMETIJSTVO - ZOOTEHNIKA UN,Univerzitetni
782,Izredni,40,SM00,KMETIJSTVO - ŽIVINOREJA VS,Visokošolski strokovni
783,Redni,41,Z300,ENOVITI MAGISTRSKI ŠTUDIJSKI PROGRAM DRUGE STOPNJE MEDICINA,NA
784,Redni,41,Z400,ENOVITI MAGISTRSKI ŠTUDIJSKI PROGRAM DRUGE STOPNJE DENTALNA MEDICINA,NA
785,Redni,42,VD10,SLIKARSTVO - SMER SLIKARSTVO UN ,Univerzitetni
786,Redni,42,V900,KIPARSTVO UN,Univerzitetni
787,Redni,42,VA20,INDUSTRIJSKO IN UNIKATNO OBLIKOVANJE - SMER UNIKATNO OBLIKOVANJE  UN,Univerzitetni
788,Redni,42,VB40,OBLIKOVANJE VIZUALNIH KOMUNIKACIJ - SMER FOTOGRAFIJA UN ,Univerzitetni
789,Redni,42,VB10,OBLIKOVANJE VIZUALNIH KOMUNIKACIJ - SMER GRAFIČNO OBLIKOVANJE UN ,Univerzitetni
790,Redni,42,VD30,SLIKARSTVO - SMER VIDEO IN NOVI MEDIJI UN,Univerzitetni
791,Redni,42,VA10,INDUSTRIJSKO IN UNIKATNO OBLIKOVANJE - SMER INDUSTRIJSKO OBLIKOVANJE  UN,Univerzitetni
792,Redni,42,VB20,OBLIKOVANJE VIZUALNIH KOMUNIKACIJ - SMER ILUSTRACIJA UN ,Univerzitetni
793,Redni,42,VC00,KONSERVIRANJE IN RESTAVRIRANJE LIKOVNIH DEL UN,Univerzitetni
794,Redni,43,V4R0,SAKRALNA GLASBA UN,Univerzitetni
795,Redni,43,V300,GLASBENA PEDAGOGIKA UN,Univerzitetni
796,Redni,43,V460,ORGLE UN,Univerzitetni
797,Redni,43,V4B0,VIOLINA UN,Univerzitetni
798,Redni,43,V4D0,VIOLONČELO UN,Univerzitetni
799,Redni,43,V4A0,HARFA UN,Univerzitetni
800,Redni,43,V4F0,FLAVTA UN,Univerzitetni
801,Redni,43,V4G0,OBOA UN,Univerzitetni
802,Redni,43,V4J0,SAKSOFON UN,Univerzitetni
803,Redni,43,V4K0,TROBENTA UN,Univerzitetni
804,Redni,43,V4N0,TUBA UN,Univerzitetni
805,Redni,43,V400,GLASBENA UMETNOST UN,Univerzitetni
806,Redni,43,V440,PETJE UN,Univerzitetni
807,Redni,43,V410,KOMPOZICIJA IN GLASBENA TEORIJA UN,Univerzitetni
808,Redni,43,V430,ZBOROVSKO DIRIGIRANJE UN,Univerzitetni
809,Redni,43,V450,KLAVIR UN,Univerzitetni
810,Redni,43,V470,HARMONIKA UN,Univerzitetni
811,Redni,43,V4C0,VIOLA UN,Univerzitetni
812,Redni,43,V4E0,KONTRABAS UN,Univerzitetni
813,Redni,43,V490,KITARA UN,Univerzitetni
814,Redni,43,V480,ČEMBALO UN,Univerzitetni
815,Redni,43,V4P0,KLJUNASTA FLAVTA UN,Univerzitetni
816,Redni,43,V4H0,KLARINET UN,Univerzitetni
817,Redni,43,V4I0,FAGOT UN,Univerzitetni
818,Redni,43,V4L0,ROG UN,Univerzitetni
819,Redni,43,V4M0,POZAVNA UN,Univerzitetni
820,Redni,43,V4O0,TOLKALA UN,Univerzitetni
821,Redni,43,V420,ORKESTRSKO DIRIGIRANJE UN,Univerzitetni
822,Redni,44,V500,DRAMSKA IGRA UN,Univerzitetni
823,Redni,44,V710,FILM IN TELEVIZIJA - SMER FILMSKA IN TELEVIZIJSKA REŽIJA UN,Univerzitetni
824,Redni,44,V800,DRAMATURGIJA IN SCENSKE UMETNOSTI UN,Univerzitetni
825,Redni,44,V600,GLEDALIŠKA REŽIJA UN,Univerzitetni
826,Redni,44,V720,FILM IN TELEVIZIJA - SMER FILMSKO IN TELEVIZIJSKO SNEMANJE UN,Univerzitetni
827,Redni,44,V730,FILM IN TELEVIZIJA - SMER FILMSKA IN TELEVIZIJSKA MONTAŽA UN,Univerzitetni
828,Redni,47,SZ00,MATEMATIKA  UN,Univerzitetni
829,Izredni,47,TH00,PRAKTIČNA MATEMATIKA VS,Visokošolski strokovni
830,Redni,47,SX00,FINANČNA MATEMATIKA UN,Univerzitetni
831,Izredni,47,VP00,FIZIKALNA MERILNA TEHNIKA VS,Visokošolski strokovni
832,Redni,47,TJ00,METEOROLOGIJA Z GEOFIZIKO UN,Univerzitetni
833,Redni,47,TI00,FIZIKA UN,Univerzitetni
834,Redni,47,VO00,ENOVITI MAGISTRSKI ŠTUD. PROGRAM DRUGE STOPNJE PEDAGOŠKA MATEMATIKA,KA
835,Redni,50,ZJ00,ENOVITI MAGISTRSKI ŠTUDIJSKI PROGRAM DRUGE STOPNJE TEOLOGIJA,JA
836,Redni,50,ZK00,TEOLOŠKE IN RELIGIJSKE ŠTUDIJE (LJUBLJANA) UN,Univerzitetni
837,Izredni,63,VU00,RAČUNALNIŠTVO IN INFORMATIKA VS,Visokošolski strokovni
838,Redni,63,VT00,RAČUNALNIŠTVO IN INFORMATIKA UN,Univerzitetni
839,Redni,64,VE00,ELEKTROTEHNIKA UN,Univerzitetni
840,Izredni,64,SS00,MULTIMEDIJSKE KOMUNIKACIJE (NOVA GORICA)  VS,Visokošolski strokovni
841,Izredni,64,VF00,APLIKATIVNA ELEKTROTEHNIKA VS,Visokošolski strokovni
842,Izredni,65,Z900,METALURŠKE TEHNOLOGIJE VS,Visokošolski strokovni
843,Redni,65,Z800,INŽENIRSTVO MATERIALOV UN,Univerzitetni
844,Izredni,66,Z700,GEOTEHNOLOGIJA IN RUDARSTVO VS,Visokošolski strokovni
845,Redni,66,SY00,GEOTEHNOLOGIJA IN RUDARSTVO UN,Univerzitetni
846,Redni,67,Z600,GEOLOGIJA UN,Univerzitetni
847,Redni,71,S900,BIOTEHNOLOGIJA UN,Univerzitetni
848,Redni,74,VV00,RAČUNALNIŠTVO IN MATEMATIKA UN,Univerzitetni
849,Redni,85,SF00,KRAJINSKA ARHITEKTURA UN,Univerzitetni
850,Redni,110,Z200,UPRAVNA INFORMATIKA UN,Univerzitetni
851,Redni,115,ML00,MULTIMEDIJA UN,Univerzitetni
